[2025-12-08 21:49:31] === INICIANDO SINCRONIZACIÓN ===
[2025-12-08 21:49:31] Conexiones establecidas
[2025-12-08 21:49:31] Total órdenes en lycaios_pos.ordenes: 4750
[2025-12-08 21:49:31] Total órdenes en ayuntamiento.ordenes_backup: 1000
[2025-12-08 21:49:31] ✓ Insertada orden: 0000001
[2025-12-08 21:49:31] ✓ Insertada orden: 0000002
[2025-12-08 21:49:31] ✓ Insertada orden: 0000003
[2025-12-08 21:49:31] ✓ Insertada orden: 0000004
[2025-12-08 21:49:31] ✓ Insertada orden: 0000005
[2025-12-08 21:49:31] ✓ Insertada orden: 0000008
[2025-12-08 21:49:31] ✓ Insertada orden: 0000011
[2025-12-08 21:49:31] ✓ Insertada orden: 0000012
[2025-12-08 21:49:31] ✓ Insertada orden: 0000013
[2025-12-08 21:49:31] ✓ Insertada orden: 0000014
[2025-12-08 21:49:31] ✓ Insertada orden: 0000015
[2025-12-08 21:49:31] ✓ Insertada orden: 0000016
[2025-12-08 21:49:31] ✓ Insertada orden: 0000017
[2025-12-08 21:49:31] ✓ Insertada orden: 0000018
[2025-12-08 21:49:31] ✓ Insertada orden: 0000019
[2025-12-08 21:49:31] ✓ Insertada orden: 0000020
[2025-12-08 21:49:31] ✓ Insertada orden: 0000021
[2025-12-08 21:49:31] ✓ Insertada orden: 0000022
[2025-12-08 21:49:31] ✓ Insertada orden: 0000023
[2025-12-08 21:49:31] ✓ Insertada orden: 0000024
[2025-12-08 21:49:31] ✓ Insertada orden: 0000025
[2025-12-08 21:49:31] ✓ Insertada orden: 0000026
[2025-12-08 21:49:31] ✓ Insertada orden: 0000027
[2025-12-08 21:49:31] ✓ Insertada orden: 0000028
[2025-12-08 21:49:31] ✓ Insertada orden: 0000029
[2025-12-08 21:49:31] ✓ Insertada orden: 0000030
[2025-12-08 21:49:31] ✓ Insertada orden: 0000031
[2025-12-08 21:49:31] ✓ Insertada orden: 0000032
[2025-12-08 21:49:31] ✓ Insertada orden: 0000033
[2025-12-08 21:49:31] ✓ Insertada orden: 0000034
[2025-12-08 21:49:31] ✓ Insertada orden: 0000035
[2025-12-08 21:49:31] ✓ Insertada orden: 0000036
[2025-12-08 21:49:31] ✓ Insertada orden: 0000037
[2025-12-08 21:49:31] ✓ Insertada orden: 0000038
[2025-12-08 21:49:31] ✓ Insertada orden: 0000039
[2025-12-08 21:49:31] ✓ Insertada orden: 0000040
[2025-12-08 21:49:31] ✓ Insertada orden: 0000041
[2025-12-08 21:49:31] ✓ Insertada orden: 0000042
[2025-12-08 21:49:31] ✓ Insertada orden: 0000043
[2025-12-08 21:49:31] ✓ Insertada orden: 0000044
[2025-12-08 21:49:31] ✓ Insertada orden: 0000045
[2025-12-08 21:49:31] ✓ Insertada orden: 0000046
[2025-12-08 21:49:31] ✓ Insertada orden: 0000047
[2025-12-08 21:49:31] ✓ Insertada orden: 0000048
[2025-12-08 21:49:31] ✓ Insertada orden: 0000049
[2025-12-08 21:49:31] ✓ Insertada orden: 0000050
[2025-12-08 21:49:31] ✓ Insertada orden: 0000051
[2025-12-08 21:49:31] ✓ Insertada orden: 0000052
[2025-12-08 21:49:31] ✓ Insertada orden: 0000053
[2025-12-08 21:49:31] ✓ Insertada orden: 0000054
[2025-12-08 21:49:31] ✓ Insertada orden: 0000055
[2025-12-08 21:49:31] ✓ Insertada orden: 0000056
[2025-12-08 21:49:31] ✓ Insertada orden: 0000057
[2025-12-08 21:49:31] ✓ Insertada orden: 0000058
[2025-12-08 21:49:31] ✓ Insertada orden: 0000059
[2025-12-08 21:49:31] ✓ Insertada orden: 0000060
[2025-12-08 21:49:31] ✓ Insertada orden: 0000061
[2025-12-08 21:49:31] ✓ Insertada orden: 0000062
[2025-12-08 21:49:31] ✓ Insertada orden: 0000063
[2025-12-08 21:49:31] ✓ Insertada orden: 0000064
[2025-12-08 21:49:31] ✓ Insertada orden: 0000065
[2025-12-08 21:49:31] ✓ Insertada orden: 0000066
[2025-12-08 21:49:31] ✓ Insertada orden: 0000067
[2025-12-08 21:49:31] ✓ Insertada orden: 0000068
[2025-12-08 21:49:31] ✓ Insertada orden: 0000069
[2025-12-08 21:49:31] ✓ Insertada orden: 0000070
[2025-12-08 21:49:31] ✓ Insertada orden: 0000071
[2025-12-08 21:49:31] ✓ Insertada orden: 0000072
[2025-12-08 21:49:31] ✓ Insertada orden: 0000073
[2025-12-08 21:49:31] ✓ Insertada orden: 0000074
[2025-12-08 21:49:31] ✓ Insertada orden: 0000076
[2025-12-08 21:49:31] ✓ Insertada orden: 0000077
[2025-12-08 21:49:31] ✓ Insertada orden: 0000078
[2025-12-08 21:49:31] ✓ Insertada orden: 0000079
[2025-12-08 21:49:31] ✓ Insertada orden: 0000080
[2025-12-08 21:49:31] ✓ Insertada orden: 0000081
[2025-12-08 21:49:31] ✓ Insertada orden: 0000082
[2025-12-08 21:49:31] ✓ Insertada orden: 0000083
[2025-12-08 21:49:31] ✓ Insertada orden: 0000084
[2025-12-08 21:49:31] ✓ Insertada orden: 0000085
[2025-12-08 21:49:31] ✓ Insertada orden: 0000086
[2025-12-08 21:49:31] ✓ Insertada orden: 0000087
[2025-12-08 21:49:31] ✓ Insertada orden: 0000088
[2025-12-08 21:49:31] ✓ Insertada orden: 0000089
[2025-12-08 21:49:31] ✓ Insertada orden: 0000090
[2025-12-08 21:49:31] ✓ Insertada orden: 0000091
[2025-12-08 21:49:31] ✓ Insertada orden: 0000092
[2025-12-08 21:49:31] ✓ Insertada orden: 0000093
[2025-12-08 21:49:31] ✓ Insertada orden: 0000094
[2025-12-08 21:49:31] ✓ Insertada orden: 0000095
[2025-12-08 21:49:31] ✓ Insertada orden: 0000096
[2025-12-08 21:49:31] ✓ Insertada orden: 0000097
[2025-12-08 21:49:31] ✓ Insertada orden: 0000098
[2025-12-08 21:49:31] ✓ Insertada orden: 0000099
[2025-12-08 21:49:31] ✓ Insertada orden: 0000100
[2025-12-08 21:49:31] ✓ Insertada orden: 0000101
[2025-12-08 21:49:31] ✓ Insertada orden: 0000102
[2025-12-08 21:49:31] ✓ Insertada orden: 0000103
[2025-12-08 21:49:31] ✓ Insertada orden: 0000104
[2025-12-08 21:49:31] ✓ Insertada orden: 0000105
[2025-12-08 21:49:31] ✓ Insertada orden: 0000106
[2025-12-08 21:49:31] ✓ Insertada orden: 0000107
[2025-12-08 21:49:31] ✓ Insertada orden: 0000108
[2025-12-08 21:49:31] ✓ Insertada orden: 0000109
[2025-12-08 21:49:31] ✓ Insertada orden: 0000110
[2025-12-08 21:49:31] ✓ Insertada orden: 0000111
[2025-12-08 21:49:31] ✓ Insertada orden: 0000112
[2025-12-08 21:49:31] ✓ Insertada orden: 0000113
[2025-12-08 21:49:31] ✓ Insertada orden: 0000114
[2025-12-08 21:49:31] ✓ Insertada orden: 0000115
[2025-12-08 21:49:31] ✓ Insertada orden: 0000116
[2025-12-08 21:49:31] ✓ Insertada orden: 0000117
[2025-12-08 21:49:31] ✓ Insertada orden: 0000118
[2025-12-08 21:49:31] ✓ Insertada orden: 0000119
[2025-12-08 21:49:31] ✓ Insertada orden: 0000120
[2025-12-08 21:49:31] ✓ Insertada orden: 0000121
[2025-12-08 21:49:31] ✓ Insertada orden: 0000122
[2025-12-08 21:49:31] ✓ Insertada orden: 0000123
[2025-12-08 21:49:31] ✓ Insertada orden: 0000124
[2025-12-08 21:49:31] ✓ Insertada orden: 0000125
[2025-12-08 21:49:31] ✓ Insertada orden: 0000126
[2025-12-08 21:49:31] ✓ Insertada orden: 0000127
[2025-12-08 21:49:31] ✓ Insertada orden: 0000128
[2025-12-08 21:49:31] ✓ Insertada orden: 0000129
[2025-12-08 21:49:31] ✓ Insertada orden: 0000130
[2025-12-08 21:49:31] ✓ Insertada orden: 0000131
[2025-12-08 21:49:31] ✓ Insertada orden: 0000132
[2025-12-08 21:49:31] ✓ Insertada orden: 0000133
[2025-12-08 21:49:31] ✓ Insertada orden: 0000134
[2025-12-08 21:49:31] ✓ Insertada orden: 0000135
[2025-12-08 21:49:31] ✓ Insertada orden: 0000136
[2025-12-08 21:49:31] ✓ Insertada orden: 0000137
[2025-12-08 21:49:31] ✓ Insertada orden: 0000138
[2025-12-08 21:49:31] ✓ Insertada orden: 0000139
[2025-12-08 21:49:31] ✓ Insertada orden: 0000140
[2025-12-08 21:49:31] ✓ Insertada orden: 0000141
[2025-12-08 21:49:31] ✓ Insertada orden: 0000142
[2025-12-08 21:49:31] ✓ Insertada orden: 0000143
[2025-12-08 21:49:31] ✓ Insertada orden: 0000144
[2025-12-08 21:49:31] ✓ Insertada orden: 0000145
[2025-12-08 21:49:31] ✓ Insertada orden: 0000146
[2025-12-08 21:49:31] ✓ Insertada orden: 0000147
[2025-12-08 21:49:31] ✓ Insertada orden: 0000148
[2025-12-08 21:49:31] ✓ Insertada orden: 0000149
[2025-12-08 21:49:31] ✓ Insertada orden: 0000150
[2025-12-08 21:49:31] ✓ Insertada orden: 0000151
[2025-12-08 21:49:31] ✓ Insertada orden: 0000152
[2025-12-08 21:49:31] ✓ Insertada orden: 0000153
[2025-12-08 21:49:31] ✓ Insertada orden: 0000154
[2025-12-08 21:49:31] ✓ Insertada orden: 0000155
[2025-12-08 21:49:31] ✓ Insertada orden: 0000156
[2025-12-08 21:49:31] ✓ Insertada orden: 0000157
[2025-12-08 21:49:31] ✓ Insertada orden: 0000158
[2025-12-08 21:49:31] ✓ Insertada orden: 0000159
[2025-12-08 21:49:31] ✓ Insertada orden: 0000160
[2025-12-08 21:49:31] ✓ Insertada orden: 0000161
[2025-12-08 21:49:31] ✓ Insertada orden: 0000162
[2025-12-08 21:49:31] ✓ Insertada orden: 0000163
[2025-12-08 21:49:31] ✓ Insertada orden: 0000164
[2025-12-08 21:49:31] ✓ Insertada orden: 0000165
[2025-12-08 21:49:31] ✓ Insertada orden: 0000166
[2025-12-08 21:49:31] ✓ Insertada orden: 0000167
[2025-12-08 21:49:31] ✓ Insertada orden: 0000168
[2025-12-08 21:49:31] ✓ Insertada orden: 0000169
[2025-12-08 21:49:31] ✓ Insertada orden: 0000170
[2025-12-08 21:49:31] ✓ Insertada orden: 0000171
[2025-12-08 21:49:31] ✓ Insertada orden: 0000172
[2025-12-08 21:49:31] ✓ Insertada orden: 0000173
[2025-12-08 21:49:31] ✓ Insertada orden: 0000174
[2025-12-08 21:49:31] ✓ Insertada orden: 0000175
[2025-12-08 21:49:31] ✓ Insertada orden: 0000176
[2025-12-08 21:49:31] ✓ Insertada orden: 0000177
[2025-12-08 21:49:31] ✓ Insertada orden: 0000178
[2025-12-08 21:49:31] ✓ Insertada orden: 0000179
[2025-12-08 21:49:31] ✓ Insertada orden: 0000180
[2025-12-08 21:49:31] ✓ Insertada orden: 0000181
[2025-12-08 21:49:31] ✓ Insertada orden: 0000182
[2025-12-08 21:49:31] ✓ Insertada orden: 0000183
[2025-12-08 21:49:31] ✓ Insertada orden: 0000184
[2025-12-08 21:49:31] ✓ Insertada orden: 0000185
[2025-12-08 21:49:31] ✓ Insertada orden: 0000186
[2025-12-08 21:49:31] ✓ Insertada orden: 0000187
[2025-12-08 21:49:31] ✓ Insertada orden: 0000188
[2025-12-08 21:49:31] ✓ Insertada orden: 0000189
[2025-12-08 21:49:31] ✓ Insertada orden: 0000190
[2025-12-08 21:49:31] ✓ Insertada orden: 0000191
[2025-12-08 21:49:31] ✓ Insertada orden: 0000192
[2025-12-08 21:49:31] ✓ Insertada orden: 0000193
[2025-12-08 21:49:31] ✓ Insertada orden: 0000194
[2025-12-08 21:49:31] ✓ Insertada orden: 0000195
[2025-12-08 21:49:31] ✓ Insertada orden: 0000196
[2025-12-08 21:49:31] ✓ Insertada orden: 0000197
[2025-12-08 21:49:31] ✓ Insertada orden: 0000198
[2025-12-08 21:49:31] ✓ Insertada orden: 0000199
[2025-12-08 21:49:31] ✓ Insertada orden: 0000200
[2025-12-08 21:49:31] ✓ Insertada orden: 0000201
[2025-12-08 21:49:31] ✓ Insertada orden: 0000202
[2025-12-08 21:49:31] ✓ Insertada orden: 0000203
[2025-12-08 21:49:31] ✓ Insertada orden: 0000204
[2025-12-08 21:49:31] ✓ Insertada orden: 0000205
[2025-12-08 21:49:31] ✓ Insertada orden: 0000206
[2025-12-08 21:49:31] ✓ Insertada orden: 0000207
[2025-12-08 21:49:31] ✓ Insertada orden: 0000208
[2025-12-08 21:49:31] ✓ Insertada orden: 0000209
[2025-12-08 21:49:31] ✓ Insertada orden: 0000210
[2025-12-08 21:49:31] ✓ Insertada orden: 0000211
[2025-12-08 21:49:31] ✓ Insertada orden: 0000212
[2025-12-08 21:49:31] ✓ Insertada orden: 0000213
[2025-12-08 21:49:31] ✓ Insertada orden: 0000214
[2025-12-08 21:49:31] ✓ Insertada orden: 0000215
[2025-12-08 21:49:31] ✓ Insertada orden: 0000216
[2025-12-08 21:49:31] ✓ Insertada orden: 0000217
[2025-12-08 21:49:31] ✓ Insertada orden: 0000218
[2025-12-08 21:49:31] ✓ Insertada orden: 0000219
[2025-12-08 21:49:31] ✓ Insertada orden: 0000220
[2025-12-08 21:49:31] ✓ Insertada orden: 0000221
[2025-12-08 21:49:31] ✓ Insertada orden: 0000222
[2025-12-08 21:49:31] ✓ Insertada orden: 0000223
[2025-12-08 21:49:31] ✓ Insertada orden: 0000224
[2025-12-08 21:49:31] ✓ Insertada orden: 0000225
[2025-12-08 21:49:31] ✓ Insertada orden: 0000226
[2025-12-08 21:49:31] ✓ Insertada orden: 0000227
[2025-12-08 21:49:31] ✓ Insertada orden: 0000228
[2025-12-08 21:49:31] ✓ Insertada orden: 0000229
[2025-12-08 21:49:31] ✓ Insertada orden: 0000230
[2025-12-08 21:49:31] ✓ Insertada orden: 0000231
[2025-12-08 21:49:31] ✓ Insertada orden: 0000232
[2025-12-08 21:49:31] ✓ Insertada orden: 0000233
[2025-12-08 21:49:31] ✓ Insertada orden: 0000234
[2025-12-08 21:49:31] ✓ Insertada orden: 0000235
[2025-12-08 21:49:31] ✓ Insertada orden: 0000236
[2025-12-08 21:49:31] ✓ Insertada orden: 0000237
[2025-12-08 21:49:31] ✓ Insertada orden: 0000238
[2025-12-08 21:49:31] ✓ Insertada orden: 0000239
[2025-12-08 21:49:31] ✓ Insertada orden: 0000240
[2025-12-08 21:49:31] ✓ Insertada orden: 0000241
[2025-12-08 21:49:31] ✓ Insertada orden: 0000242
[2025-12-08 21:49:31] ✓ Insertada orden: 0000243
[2025-12-08 21:49:31] ✓ Insertada orden: 0000244
[2025-12-08 21:49:31] ✓ Insertada orden: 0000245
[2025-12-08 21:49:31] ✓ Insertada orden: 0000246
[2025-12-08 21:49:31] ✓ Insertada orden: 0000247
[2025-12-08 21:49:31] ✓ Insertada orden: 0000248
[2025-12-08 21:49:31] ✓ Insertada orden: 0000249
[2025-12-08 21:49:31] ✓ Insertada orden: 0000250
[2025-12-08 21:49:31] ✓ Insertada orden: 0000251
[2025-12-08 21:49:31] ✓ Insertada orden: 0000252
[2025-12-08 21:49:31] ✓ Insertada orden: 0000253
[2025-12-08 21:49:31] ✓ Insertada orden: 0000254
[2025-12-08 21:49:31] ✓ Insertada orden: 0000255
[2025-12-08 21:49:31] ✓ Insertada orden: 0000256
[2025-12-08 21:49:31] ✓ Insertada orden: 0000257
[2025-12-08 21:49:31] ✓ Insertada orden: 0000258
[2025-12-08 21:49:31] ✓ Insertada orden: 0000259
[2025-12-08 21:49:31] ✓ Insertada orden: 0000260
[2025-12-08 21:49:31] ✓ Insertada orden: 0000261
[2025-12-08 21:49:31] ✓ Insertada orden: 0000262
[2025-12-08 21:49:31] ✓ Insertada orden: 0000263
[2025-12-08 21:49:31] ✓ Insertada orden: 0000264
[2025-12-08 21:49:31] ✓ Insertada orden: 0000265
[2025-12-08 21:49:31] ✓ Insertada orden: 0000266
[2025-12-08 21:49:31] ✓ Insertada orden: 0000267
[2025-12-08 21:49:31] ✓ Insertada orden: 0000268
[2025-12-08 21:49:31] ✓ Insertada orden: 0000269
[2025-12-08 21:49:31] ✓ Insertada orden: 0000270
[2025-12-08 21:49:31] ✓ Insertada orden: 0000271
[2025-12-08 21:49:31] ✓ Insertada orden: 0000272
[2025-12-08 21:49:31] ✓ Insertada orden: 0000273
[2025-12-08 21:49:31] ✓ Insertada orden: 0000274
[2025-12-08 21:49:31] ✓ Insertada orden: 0000275
[2025-12-08 21:49:31] ✓ Insertada orden: 0000276
[2025-12-08 21:49:31] ✓ Insertada orden: 0000277
[2025-12-08 21:49:31] ✓ Insertada orden: 0000278
[2025-12-08 21:49:31] ✓ Insertada orden: 0000279
[2025-12-08 21:49:31] ✓ Insertada orden: 0000280
[2025-12-08 21:49:31] ✓ Insertada orden: 0000281
[2025-12-08 21:49:31] ✓ Insertada orden: 0000282
[2025-12-08 21:49:31] ✓ Insertada orden: 0000283
[2025-12-08 21:49:31] ✓ Insertada orden: 0000284
[2025-12-08 21:49:31] ✓ Insertada orden: 0000285
[2025-12-08 21:49:31] ✓ Insertada orden: 0000286
[2025-12-08 21:49:31] ✓ Insertada orden: 0000287
[2025-12-08 21:49:31] ✓ Insertada orden: 0000288
[2025-12-08 21:49:31] ✓ Insertada orden: 0000289
[2025-12-08 21:49:31] ✓ Insertada orden: 0000290
[2025-12-08 21:49:31] ✓ Insertada orden: 0000291
[2025-12-08 21:49:31] ✓ Insertada orden: 0000292
[2025-12-08 21:49:31] ✓ Insertada orden: 0000293
[2025-12-08 21:49:31] ✓ Insertada orden: 0000294
[2025-12-08 21:49:31] ✓ Insertada orden: 0000295
[2025-12-08 21:49:31] ✓ Insertada orden: 0000296
[2025-12-08 21:49:31] ✓ Insertada orden: 0000297
[2025-12-08 21:49:31] ✓ Insertada orden: 0000298
[2025-12-08 21:49:31] ✓ Insertada orden: 0000299
[2025-12-08 21:49:31] ✓ Insertada orden: 0000300
[2025-12-08 21:49:31] ✓ Insertada orden: 0000301
[2025-12-08 21:49:31] ✓ Insertada orden: 0000302
[2025-12-08 21:49:31] ✓ Insertada orden: 0000303
[2025-12-08 21:49:31] ✓ Insertada orden: 0000304
[2025-12-08 21:49:31] ✓ Insertada orden: 0000305
[2025-12-08 21:49:31] ✓ Insertada orden: 0000306
[2025-12-08 21:49:31] ✓ Insertada orden: 0000308
[2025-12-08 21:49:31] ✓ Insertada orden: 0000309
[2025-12-08 21:49:31] ✓ Insertada orden: 0000310
[2025-12-08 21:49:31] ✓ Insertada orden: 0000311
[2025-12-08 21:49:31] ✓ Insertada orden: 0000312
[2025-12-08 21:49:31] ✓ Insertada orden: 0000313
[2025-12-08 21:49:31] ✓ Insertada orden: 0000314
[2025-12-08 21:49:31] ✓ Insertada orden: 0000315
[2025-12-08 21:49:31] ✓ Insertada orden: 0000316
[2025-12-08 21:49:31] ✓ Insertada orden: 0000317
[2025-12-08 21:49:31] ✓ Insertada orden: 0000318
[2025-12-08 21:49:31] ✓ Insertada orden: 0000319
[2025-12-08 21:49:31] ✓ Insertada orden: 0000320
[2025-12-08 21:49:31] ✓ Insertada orden: 0000321
[2025-12-08 21:49:31] ✓ Insertada orden: 0000322
[2025-12-08 21:49:31] ✓ Insertada orden: 0000323
[2025-12-08 21:49:31] ✓ Insertada orden: 0000324
[2025-12-08 21:49:31] ✓ Insertada orden: 0000325
[2025-12-08 21:49:31] ✓ Insertada orden: 0000326
[2025-12-08 21:49:31] ✓ Insertada orden: 0000328
[2025-12-08 21:49:31] ✓ Insertada orden: 0000329
[2025-12-08 21:49:31] ✓ Insertada orden: 0000330
[2025-12-08 21:49:31] ✓ Insertada orden: 0000331
[2025-12-08 21:49:31] ✓ Insertada orden: 0000332
[2025-12-08 21:49:31] ✓ Insertada orden: 0000333
[2025-12-08 21:49:31] ✓ Insertada orden: 0000334
[2025-12-08 21:49:31] ✓ Insertada orden: 0000335
[2025-12-08 21:49:31] ✓ Insertada orden: 0000336
[2025-12-08 21:49:31] ✓ Insertada orden: 0000337
[2025-12-08 21:49:31] ✓ Insertada orden: 0000338
[2025-12-08 21:49:31] ✓ Insertada orden: 0000339
[2025-12-08 21:49:31] ✓ Insertada orden: 0000340
[2025-12-08 21:49:31] ✓ Insertada orden: 0000341
[2025-12-08 21:49:31] ✓ Insertada orden: 0000342
[2025-12-08 21:49:31] ✓ Insertada orden: 0000343
[2025-12-08 21:49:31] ✓ Insertada orden: 0000344
[2025-12-08 21:49:31] ✓ Insertada orden: 0000345
[2025-12-08 21:49:31] ✓ Insertada orden: 0000346
[2025-12-08 21:49:31] ✓ Insertada orden: 0000347
[2025-12-08 21:49:31] ✓ Insertada orden: 0000349
[2025-12-08 21:49:31] ✓ Insertada orden: 0000350
[2025-12-08 21:49:31] ✓ Insertada orden: 0000351
[2025-12-08 21:49:31] ✓ Insertada orden: 0000352
[2025-12-08 21:49:31] ✓ Insertada orden: 0000353
[2025-12-08 21:49:31] ✓ Insertada orden: 0000354
[2025-12-08 21:49:31] ✓ Insertada orden: 0000355
[2025-12-08 21:49:31] ✓ Insertada orden: 0000356
[2025-12-08 21:49:31] ✓ Insertada orden: 0000357
[2025-12-08 21:49:31] ✓ Insertada orden: 0000358
[2025-12-08 21:49:31] ✓ Insertada orden: 0000359
[2025-12-08 21:49:31] ✓ Insertada orden: 0000360
[2025-12-08 21:49:31] ✓ Insertada orden: 0000361
[2025-12-08 21:49:31] ✓ Insertada orden: 0000362
[2025-12-08 21:49:31] ✓ Insertada orden: 0000363
[2025-12-08 21:49:31] ✓ Insertada orden: 0000364
[2025-12-08 21:49:31] ✓ Insertada orden: 0000365
[2025-12-08 21:49:31] ✓ Insertada orden: 0000366
[2025-12-08 21:49:31] ✓ Insertada orden: 0000367
[2025-12-08 21:49:31] ✓ Insertada orden: 0000368
[2025-12-08 21:49:31] ✓ Insertada orden: 0000369
[2025-12-08 21:49:31] ✓ Insertada orden: 0000370
[2025-12-08 21:49:31] ✓ Insertada orden: 0000371
[2025-12-08 21:49:31] ✓ Insertada orden: 0000372
[2025-12-08 21:49:31] ✓ Insertada orden: 0000373
[2025-12-08 21:49:31] ✓ Insertada orden: 0000374
[2025-12-08 21:49:31] ✓ Insertada orden: 0000375
[2025-12-08 21:49:31] ✓ Insertada orden: 0000376
[2025-12-08 21:49:31] ✓ Insertada orden: 0000377
[2025-12-08 21:49:31] ✓ Insertada orden: 0000378
[2025-12-08 21:49:31] ✓ Insertada orden: 0000379
[2025-12-08 21:49:31] ✓ Insertada orden: 0000380
[2025-12-08 21:49:31] ✓ Insertada orden: 0000381
[2025-12-08 21:49:31] ✓ Insertada orden: 0000382
[2025-12-08 21:49:31] ✓ Insertada orden: 0000383
[2025-12-08 21:49:31] ✓ Insertada orden: 0000384
[2025-12-08 21:49:31] ✓ Insertada orden: 0000385
[2025-12-08 21:49:31] ✓ Insertada orden: 0000386
[2025-12-08 21:49:31] ✓ Insertada orden: 0000387
[2025-12-08 21:49:31] ✓ Insertada orden: 0000388
[2025-12-08 21:49:31] ✓ Insertada orden: 0000389
[2025-12-08 21:49:31] ✓ Insertada orden: 0000390
[2025-12-08 21:49:31] ✓ Insertada orden: 0000391
[2025-12-08 21:49:31] ✓ Insertada orden: 0000392
[2025-12-08 21:49:31] ✓ Insertada orden: 0000393
[2025-12-08 21:49:31] ✓ Insertada orden: 0000394
[2025-12-08 21:49:31] ✓ Insertada orden: 0000395
[2025-12-08 21:49:31] ✓ Insertada orden: 0000396
[2025-12-08 21:49:31] ✓ Insertada orden: 0000397
[2025-12-08 21:49:31] ✓ Insertada orden: 0000398
[2025-12-08 21:49:31] ✓ Insertada orden: 0000399
[2025-12-08 21:49:31] ✓ Insertada orden: 0000400
[2025-12-08 21:49:31] ✓ Insertada orden: 0000401
[2025-12-08 21:49:31] ✓ Insertada orden: 0000402
[2025-12-08 21:49:31] ✓ Insertada orden: 0000403
[2025-12-08 21:49:31] ✓ Insertada orden: 0000404
[2025-12-08 21:49:31] ✓ Insertada orden: 0000405
[2025-12-08 21:49:31] ✓ Insertada orden: 0000406
[2025-12-08 21:49:31] ✓ Insertada orden: 0000407
[2025-12-08 21:49:31] ✓ Insertada orden: 0000408
[2025-12-08 21:49:31] ✓ Insertada orden: 0000409
[2025-12-08 21:49:31] ✓ Insertada orden: 0000410
[2025-12-08 21:49:31] ✓ Insertada orden: 0000411
[2025-12-08 21:49:31] ✓ Insertada orden: 0000412
[2025-12-08 21:49:31] ✓ Insertada orden: 0000413
[2025-12-08 21:49:31] ✓ Insertada orden: 0000414
[2025-12-08 21:49:31] ✓ Insertada orden: 0000415
[2025-12-08 21:49:31] ✓ Insertada orden: 0000416
[2025-12-08 21:49:31] ✓ Insertada orden: 0000417
[2025-12-08 21:49:31] ✓ Insertada orden: 0000418
[2025-12-08 21:49:31] ✓ Insertada orden: 0000419
[2025-12-08 21:49:31] ✓ Insertada orden: 0000420
[2025-12-08 21:49:31] ✓ Insertada orden: 0000421
[2025-12-08 21:49:31] ✓ Insertada orden: 0000422
[2025-12-08 21:49:31] ✓ Insertada orden: 0000423
[2025-12-08 21:49:31] ✓ Insertada orden: 0000424
[2025-12-08 21:49:31] ✓ Insertada orden: 0000425
[2025-12-08 21:49:31] ✓ Insertada orden: 0000426
[2025-12-08 21:49:31] ✓ Insertada orden: 0000427
[2025-12-08 21:49:31] ✓ Insertada orden: 0000428
[2025-12-08 21:49:31] ✓ Insertada orden: 0000429
[2025-12-08 21:49:31] ✓ Insertada orden: 0000430
[2025-12-08 21:49:31] ✓ Insertada orden: 0000431
[2025-12-08 21:49:31] ✓ Insertada orden: 0000432
[2025-12-08 21:49:31] ✓ Insertada orden: 0000433
[2025-12-08 21:49:31] ✓ Insertada orden: 0000434
[2025-12-08 21:49:31] ✓ Insertada orden: 0000435
[2025-12-08 21:49:31] ✓ Insertada orden: 0000436
[2025-12-08 21:49:31] ✓ Insertada orden: 0000437
[2025-12-08 21:49:31] ✓ Insertada orden: 0000438
[2025-12-08 21:49:31] ✓ Insertada orden: 0000439
[2025-12-08 21:49:31] ✓ Insertada orden: 0000440
[2025-12-08 21:49:31] ✓ Insertada orden: 0000441
[2025-12-08 21:49:31] ✓ Insertada orden: 0000442
[2025-12-08 21:49:31] ✓ Insertada orden: 0000443
[2025-12-08 21:49:31] ✓ Insertada orden: 0000444
[2025-12-08 21:49:31] ✓ Insertada orden: 0000445
[2025-12-08 21:49:31] ✓ Insertada orden: 0000446
[2025-12-08 21:49:31] ✓ Insertada orden: 0000447
[2025-12-08 21:49:31] ✓ Insertada orden: 0000448
[2025-12-08 21:49:31] ✓ Insertada orden: 0000449
[2025-12-08 21:49:31] ✓ Insertada orden: 0000450
[2025-12-08 21:49:31] ✓ Insertada orden: 0000451
[2025-12-08 21:49:31] ✓ Insertada orden: 0000452
[2025-12-08 21:49:31] ✓ Insertada orden: 0000453
[2025-12-08 21:49:31] ✓ Insertada orden: 0000454
[2025-12-08 21:49:31] ✓ Insertada orden: 0000455
[2025-12-08 21:49:31] ✓ Insertada orden: 0000456
[2025-12-08 21:49:31] ✓ Insertada orden: 0000457
[2025-12-08 21:49:31] ✓ Insertada orden: 0000458
[2025-12-08 21:49:31] ✓ Insertada orden: 0000459
[2025-12-08 21:49:31] ✓ Insertada orden: 0000460
[2025-12-08 21:49:31] ✓ Insertada orden: 0000461
[2025-12-08 21:49:31] ✓ Insertada orden: 0000462
[2025-12-08 21:49:31] ✓ Insertada orden: 0000463
[2025-12-08 21:49:31] ✓ Insertada orden: 0000464
[2025-12-08 21:49:31] ✓ Insertada orden: 0000465
[2025-12-08 21:49:31] ✓ Insertada orden: 0000466
[2025-12-08 21:49:31] ✓ Insertada orden: 0000467
[2025-12-08 21:49:31] ✓ Insertada orden: 0000468
[2025-12-08 21:49:31] ✓ Insertada orden: 0000469
[2025-12-08 21:49:31] ✓ Insertada orden: 0000470
[2025-12-08 21:49:31] ✓ Insertada orden: 0000471
[2025-12-08 21:49:31] ✓ Insertada orden: 0000472
[2025-12-08 21:49:31] ✓ Insertada orden: 0000473
[2025-12-08 21:49:31] ✓ Insertada orden: 0000474
[2025-12-08 21:49:31] ✓ Insertada orden: 0000475
[2025-12-08 21:49:31] ✓ Insertada orden: 0000476
[2025-12-08 21:49:31] ✓ Insertada orden: 0000477
[2025-12-08 21:49:31] ✓ Insertada orden: 0000478
[2025-12-08 21:49:31] ✓ Insertada orden: 0000479
[2025-12-08 21:49:31] ✓ Insertada orden: 0000480
[2025-12-08 21:49:31] ✓ Insertada orden: 0000481
[2025-12-08 21:49:31] ✓ Insertada orden: 0000482
[2025-12-08 21:49:31] ✓ Insertada orden: 0000483
[2025-12-08 21:49:31] ✓ Insertada orden: 0000484
[2025-12-08 21:49:31] ✓ Insertada orden: 0000485
[2025-12-08 21:49:31] ✓ Insertada orden: 0000486
[2025-12-08 21:49:31] ✓ Insertada orden: 0000487
[2025-12-08 21:49:31] ✓ Insertada orden: 0000488
[2025-12-08 21:49:31] ✓ Insertada orden: 0000489
[2025-12-08 21:49:31] ✓ Insertada orden: 0000490
[2025-12-08 21:49:31] ✓ Insertada orden: 0000491
[2025-12-08 21:49:31] ✓ Insertada orden: 0000492
[2025-12-08 21:49:31] ✓ Insertada orden: 0000493
[2025-12-08 21:49:31] ✓ Insertada orden: 0000494
[2025-12-08 21:49:31] ✓ Insertada orden: 0000495
[2025-12-08 21:49:31] ✓ Insertada orden: 0000496
[2025-12-08 21:49:31] ✓ Insertada orden: 0000497
[2025-12-08 21:49:31] ✓ Insertada orden: 0000498
[2025-12-08 21:49:31] ✓ Insertada orden: 0000499
[2025-12-08 21:49:31] ✓ Insertada orden: 0000500
[2025-12-08 21:49:31] ✓ Insertada orden: 0000501
[2025-12-08 21:49:31] ✓ Insertada orden: 0000502
[2025-12-08 21:49:31] ✓ Insertada orden: 0000503
[2025-12-08 21:49:31] ✓ Insertada orden: 0000504
[2025-12-08 21:49:31] ✓ Insertada orden: 0000505
[2025-12-08 21:49:31] ✓ Insertada orden: 0000506
[2025-12-08 21:49:31] ✓ Insertada orden: 0000507
[2025-12-08 21:49:31] ✓ Insertada orden: 0000508
[2025-12-08 21:49:31] ✓ Insertada orden: 0000509
[2025-12-08 21:49:31] ✓ Insertada orden: 0000510
[2025-12-08 21:49:31] ✓ Insertada orden: 0000511
[2025-12-08 21:49:31] ✓ Insertada orden: 0000512
[2025-12-08 21:49:31] ✓ Insertada orden: 0000513
[2025-12-08 21:49:31] ✓ Insertada orden: 0000514
[2025-12-08 21:49:31] ✓ Insertada orden: 0000515
[2025-12-08 21:49:31] ✓ Insertada orden: 0000516
[2025-12-08 21:49:31] ✓ Insertada orden: 0000517
[2025-12-08 21:49:31] ✓ Insertada orden: 0000518
[2025-12-08 21:49:31] ✓ Insertada orden: 0000519
[2025-12-08 21:49:31] ✓ Insertada orden: 0000520
[2025-12-08 21:49:31] ✓ Insertada orden: 0000521
[2025-12-08 21:49:31] ✓ Insertada orden: 0000522
[2025-12-08 21:49:31] ✓ Insertada orden: 0000523
[2025-12-08 21:49:31] ✓ Insertada orden: 0000524
[2025-12-08 21:49:31] ✓ Insertada orden: 0000525
[2025-12-08 21:49:31] ✓ Insertada orden: 0000526
[2025-12-08 21:49:31] ✓ Insertada orden: 0000527
[2025-12-08 21:49:31] ✓ Insertada orden: 0000528
[2025-12-08 21:49:31] ✓ Insertada orden: 0000529
[2025-12-08 21:49:31] ✓ Insertada orden: 0000530
[2025-12-08 21:49:31] ✓ Insertada orden: 0000531
[2025-12-08 21:49:31] ✓ Insertada orden: 0000532
[2025-12-08 21:49:31] ✓ Insertada orden: 0000533
[2025-12-08 21:49:31] ✓ Insertada orden: 0000534
[2025-12-08 21:49:31] ✓ Insertada orden: 0000535
[2025-12-08 21:49:31] ✓ Insertada orden: 0000536
[2025-12-08 21:49:31] ✓ Insertada orden: 0000537
[2025-12-08 21:49:31] ✓ Insertada orden: 0000538
[2025-12-08 21:49:31] ✓ Insertada orden: 0000539
[2025-12-08 21:49:31] ✓ Insertada orden: 0000540
[2025-12-08 21:49:31] ✓ Insertada orden: 0000541
[2025-12-08 21:49:31] ✓ Insertada orden: 0000542
[2025-12-08 21:49:31] ✓ Insertada orden: 0000543
[2025-12-08 21:49:31] ✓ Insertada orden: 0000544
[2025-12-08 21:49:31] ✓ Insertada orden: 0000545
[2025-12-08 21:49:31] ✓ Insertada orden: 0000546
[2025-12-08 21:49:31] ✓ Insertada orden: 0000547
[2025-12-08 21:49:31] ✓ Insertada orden: 0000548
[2025-12-08 21:49:31] ✓ Insertada orden: 0000549
[2025-12-08 21:49:31] ✓ Insertada orden: 0000550
[2025-12-08 21:49:31] ✓ Insertada orden: 0000551
[2025-12-08 21:49:31] ✓ Insertada orden: 0000552
[2025-12-08 21:49:31] ✓ Insertada orden: 0000553
[2025-12-08 21:49:31] ✓ Insertada orden: 0000554
[2025-12-08 21:49:31] ✓ Insertada orden: 0000555
[2025-12-08 21:49:31] ✓ Insertada orden: 0000556
[2025-12-08 21:49:31] ✓ Insertada orden: 0000557
[2025-12-08 21:49:31] ✓ Insertada orden: 0000558
[2025-12-08 21:49:31] ✓ Insertada orden: 0000559
[2025-12-08 21:49:31] ✓ Insertada orden: 0000560
[2025-12-08 21:49:31] ✓ Insertada orden: 0000561
[2025-12-08 21:49:31] ✓ Insertada orden: 0000562
[2025-12-08 21:49:31] ✓ Insertada orden: 0000563
[2025-12-08 21:49:31] ✓ Insertada orden: 0000564
[2025-12-08 21:49:31] ✓ Insertada orden: 0000565
[2025-12-08 21:49:31] ✓ Insertada orden: 0000566
[2025-12-08 21:49:31] ✓ Insertada orden: 0000567
[2025-12-08 21:49:31] ✓ Insertada orden: 0000568
[2025-12-08 21:49:31] ✓ Insertada orden: 0000569
[2025-12-08 21:49:31] ✓ Insertada orden: 0000570
[2025-12-08 21:49:31] ✓ Insertada orden: 0000571
[2025-12-08 21:49:31] ✓ Insertada orden: 0000572
[2025-12-08 21:49:31] ✓ Insertada orden: 0000573
[2025-12-08 21:49:31] ✓ Insertada orden: 0000574
[2025-12-08 21:49:31] ✓ Insertada orden: 0000575
[2025-12-08 21:49:31] ✓ Insertada orden: 0000576
[2025-12-08 21:49:31] ✓ Insertada orden: 0000577
[2025-12-08 21:49:31] ✓ Insertada orden: 0000578
[2025-12-08 21:49:31] ✓ Insertada orden: 0000579
[2025-12-08 21:49:31] ✓ Insertada orden: 0000580
[2025-12-08 21:49:31] ✓ Insertada orden: 0000581
[2025-12-08 21:49:31] ✓ Insertada orden: 0000582
[2025-12-08 21:49:31] ✓ Insertada orden: 0000583
[2025-12-08 21:49:31] ✓ Insertada orden: 0000584
[2025-12-08 21:49:31] ✓ Insertada orden: 0000585
[2025-12-08 21:49:31] ✓ Insertada orden: 0000586
[2025-12-08 21:49:31] ✓ Insertada orden: 0000587
[2025-12-08 21:49:31] ✓ Insertada orden: 0000588
[2025-12-08 21:49:31] ✓ Insertada orden: 0000589
[2025-12-08 21:49:31] ✓ Insertada orden: 0000590
[2025-12-08 21:49:31] ✓ Insertada orden: 0000591
[2025-12-08 21:49:31] ✓ Insertada orden: 0000592
[2025-12-08 21:49:31] ✓ Insertada orden: 0000593
[2025-12-08 21:49:31] ✓ Insertada orden: 0000594
[2025-12-08 21:49:31] ✓ Insertada orden: 0000595
[2025-12-08 21:49:31] ✓ Insertada orden: 0000596
[2025-12-08 21:49:31] ✓ Insertada orden: 0000597
[2025-12-08 21:49:31] ✓ Insertada orden: 0000598
[2025-12-08 21:49:31] ✓ Insertada orden: 0000599
[2025-12-08 21:49:31] ✓ Insertada orden: 0000600
[2025-12-08 21:49:31] ✓ Insertada orden: 0000601
[2025-12-08 21:49:31] ✓ Insertada orden: 0000602
[2025-12-08 21:49:31] ✓ Insertada orden: 0000603
[2025-12-08 21:49:31] ✓ Insertada orden: 0000604
[2025-12-08 21:49:31] ✓ Insertada orden: 0000605
[2025-12-08 21:49:31] ✓ Insertada orden: 0000606
[2025-12-08 21:49:31] ✓ Insertada orden: 0000607
[2025-12-08 21:49:31] ✓ Insertada orden: 0000608
[2025-12-08 21:49:31] ✓ Insertada orden: 0000609
[2025-12-08 21:49:31] ✓ Insertada orden: 0000610
[2025-12-08 21:49:31] ✓ Insertada orden: 0000611
[2025-12-08 21:49:31] ✓ Insertada orden: 0000612
[2025-12-08 21:49:31] ✓ Insertada orden: 0000613
[2025-12-08 21:49:31] ✓ Insertada orden: 0000614
[2025-12-08 21:49:31] ✓ Insertada orden: 0000615
[2025-12-08 21:49:31] ✓ Insertada orden: 0000616
[2025-12-08 21:49:31] ✓ Insertada orden: 0000617
[2025-12-08 21:49:31] ✓ Insertada orden: 0000618
[2025-12-08 21:49:31] ✓ Insertada orden: 0000619
[2025-12-08 21:49:31] ✓ Insertada orden: 0000620
[2025-12-08 21:49:31] ✓ Insertada orden: 0000621
[2025-12-08 21:49:31] ✓ Insertada orden: 0000622
[2025-12-08 21:49:31] ✓ Insertada orden: 0000623
[2025-12-08 21:49:31] ✓ Insertada orden: 0000624
[2025-12-08 21:49:31] ✓ Insertada orden: 0000625
[2025-12-08 21:49:31] ✓ Insertada orden: 0000626
[2025-12-08 21:49:31] ✓ Insertada orden: 0000627
[2025-12-08 21:49:31] ✓ Insertada orden: 0000628
[2025-12-08 21:49:31] ✓ Insertada orden: 0000629
[2025-12-08 21:49:31] ✓ Insertada orden: 0000630
[2025-12-08 21:49:31] ✓ Insertada orden: 0000631
[2025-12-08 21:49:31] ✓ Insertada orden: 0000632
[2025-12-08 21:49:31] ✓ Insertada orden: 0000633
[2025-12-08 21:49:31] ✓ Insertada orden: 0000634
[2025-12-08 21:49:31] ✓ Insertada orden: 0000635
[2025-12-08 21:49:31] ✓ Insertada orden: 0000636
[2025-12-08 21:49:31] ✓ Insertada orden: 0000637
[2025-12-08 21:49:31] ✓ Insertada orden: 0000638
[2025-12-08 21:49:31] ✓ Insertada orden: 0000639
[2025-12-08 21:49:31] ✓ Insertada orden: 0000640
[2025-12-08 21:49:31] ✓ Insertada orden: 0000641
[2025-12-08 21:49:31] ✓ Insertada orden: 0000642
[2025-12-08 21:49:31] ✓ Insertada orden: 0000643
[2025-12-08 21:49:31] ✓ Insertada orden: 0000644
[2025-12-08 21:49:31] ✓ Insertada orden: 0000645
[2025-12-08 21:49:31] ✓ Insertada orden: 0000646
[2025-12-08 21:49:31] ✓ Insertada orden: 0000647
[2025-12-08 21:49:31] ✓ Insertada orden: 0000648
[2025-12-08 21:49:31] ✓ Insertada orden: 0000649
[2025-12-08 21:49:31] ✓ Insertada orden: 0000650
[2025-12-08 21:49:31] ✓ Insertada orden: 0000651
[2025-12-08 21:49:31] ✓ Insertada orden: 0000652
[2025-12-08 21:49:31] ✓ Insertada orden: 0000653
[2025-12-08 21:49:31] ✓ Insertada orden: 0000654
[2025-12-08 21:49:31] ✓ Insertada orden: 0000655
[2025-12-08 21:49:31] ✓ Insertada orden: 0000656
[2025-12-08 21:49:31] ✓ Insertada orden: 0000657
[2025-12-08 21:49:31] ✓ Insertada orden: 0000658
[2025-12-08 21:49:31] ✓ Insertada orden: 0000659
[2025-12-08 21:49:31] ✓ Insertada orden: 0000660
[2025-12-08 21:49:31] ✓ Insertada orden: 0000661
[2025-12-08 21:49:31] ✓ Insertada orden: 0000662
[2025-12-08 21:49:31] ✓ Insertada orden: 0000663
[2025-12-08 21:49:31] ✓ Insertada orden: 0000664
[2025-12-08 21:49:31] ✓ Insertada orden: 0000665
[2025-12-08 21:49:31] ✓ Insertada orden: 0000666
[2025-12-08 21:49:31] ✓ Insertada orden: 0000667
[2025-12-08 21:49:31] ✓ Insertada orden: 0000668
[2025-12-08 21:49:31] ✓ Insertada orden: 0000669
[2025-12-08 21:49:31] ✓ Insertada orden: 0000670
[2025-12-08 21:49:31] ✓ Insertada orden: 0000671
[2025-12-08 21:49:31] ✓ Insertada orden: 0000672
[2025-12-08 21:49:31] ✓ Insertada orden: 0000673
[2025-12-08 21:49:31] ✓ Insertada orden: 0000674
[2025-12-08 21:49:31] ✓ Insertada orden: 0000675
[2025-12-08 21:49:31] ✓ Insertada orden: 0000676
[2025-12-08 21:49:31] ✓ Insertada orden: 0000677
[2025-12-08 21:49:31] ✓ Insertada orden: 0000678
[2025-12-08 21:49:31] ✓ Insertada orden: 0000679
[2025-12-08 21:49:31] ✓ Insertada orden: 0000680
[2025-12-08 21:49:31] ✓ Insertada orden: 0000681
[2025-12-08 21:49:31] ✓ Insertada orden: 0000682
[2025-12-08 21:49:31] ✓ Insertada orden: 0000683
[2025-12-08 21:49:31] ✓ Insertada orden: 0000684
[2025-12-08 21:49:31] ✓ Insertada orden: 0000685
[2025-12-08 21:49:31] ✓ Insertada orden: 0000686
[2025-12-08 21:49:31] ✓ Insertada orden: 0000687
[2025-12-08 21:49:31] ✓ Insertada orden: 0000688
[2025-12-08 21:49:31] ✓ Insertada orden: 0000689
[2025-12-08 21:49:31] ✓ Insertada orden: 0000690
[2025-12-08 21:49:31] ✓ Insertada orden: 0000691
[2025-12-08 21:49:31] ✓ Insertada orden: 0000692
[2025-12-08 21:49:31] ✓ Insertada orden: 0000693
[2025-12-08 21:49:31] ✓ Insertada orden: 0000694
[2025-12-08 21:49:31] ✓ Insertada orden: 0000695
[2025-12-08 21:49:31] ✓ Insertada orden: 0000696
[2025-12-08 21:49:31] ✓ Insertada orden: 0000697
[2025-12-08 21:49:31] ✓ Insertada orden: 0000698
[2025-12-08 21:49:31] ✓ Insertada orden: 0000699
[2025-12-08 21:49:31] ✓ Insertada orden: 0000700
[2025-12-08 21:49:31] ✓ Insertada orden: 0000701
[2025-12-08 21:49:31] ✓ Insertada orden: 0000702
[2025-12-08 21:49:31] ✓ Insertada orden: 0000703
[2025-12-08 21:49:31] ✓ Insertada orden: 0000704
[2025-12-08 21:49:31] ✓ Insertada orden: 0000705
[2025-12-08 21:49:31] ✓ Insertada orden: 0000706
[2025-12-08 21:49:31] ✓ Insertada orden: 0000707
[2025-12-08 21:49:31] ✓ Insertada orden: 0000708
[2025-12-08 21:49:31] ✓ Insertada orden: 0000709
[2025-12-08 21:49:31] ✓ Insertada orden: 0000710
[2025-12-08 21:49:31] ✓ Insertada orden: 0000711
[2025-12-08 21:49:31] ✓ Insertada orden: 0000712
[2025-12-08 21:49:31] ✓ Insertada orden: 0000713
[2025-12-08 21:49:31] ✓ Insertada orden: 0000714
[2025-12-08 21:49:31] ✓ Insertada orden: 0000715
[2025-12-08 21:49:31] ✓ Insertada orden: 0000716
[2025-12-08 21:49:31] ✓ Insertada orden: 0000717
[2025-12-08 21:49:31] ✓ Insertada orden: 0000718
[2025-12-08 21:49:31] ✓ Insertada orden: 0000719
[2025-12-08 21:49:31] ✓ Insertada orden: 0000720
[2025-12-08 21:49:31] ✓ Insertada orden: 0000721
[2025-12-08 21:49:31] ✓ Insertada orden: 0000722
[2025-12-08 21:49:31] ✓ Insertada orden: 0000723
[2025-12-08 21:49:31] ✓ Insertada orden: 0000724
[2025-12-08 21:49:31] ✓ Insertada orden: 0000725
[2025-12-08 21:49:31] ✓ Insertada orden: 0000726
[2025-12-08 21:49:31] ✓ Insertada orden: 0000727
[2025-12-08 21:49:31] ✓ Insertada orden: 0000728
[2025-12-08 21:49:31] ✓ Insertada orden: 0000729
[2025-12-08 21:49:31] ✓ Insertada orden: 0000730
[2025-12-08 21:49:31] ✓ Insertada orden: 0000731
[2025-12-08 21:49:31] ✓ Insertada orden: 0000732
[2025-12-08 21:49:31] ✓ Insertada orden: 0000733
[2025-12-08 21:49:31] ✓ Insertada orden: 0000734
[2025-12-08 21:49:31] ✓ Insertada orden: 0000735
[2025-12-08 21:49:31] ✓ Insertada orden: 0000736
[2025-12-08 21:49:31] ✓ Insertada orden: 0000737
[2025-12-08 21:49:31] ✓ Insertada orden: 0000738
[2025-12-08 21:49:31] ✓ Insertada orden: 0000739
[2025-12-08 21:49:31] ✓ Insertada orden: 0000740
[2025-12-08 21:49:31] ✓ Insertada orden: 0000741
[2025-12-08 21:49:31] ✓ Insertada orden: 0000742
[2025-12-08 21:49:31] ✓ Insertada orden: 0000743
[2025-12-08 21:49:31] ✓ Insertada orden: 0000744
[2025-12-08 21:49:31] ✓ Insertada orden: 0000745
[2025-12-08 21:49:31] ✓ Insertada orden: 0000746
[2025-12-08 21:49:31] ✓ Insertada orden: 0000747
[2025-12-08 21:49:31] ✓ Insertada orden: 0000748
[2025-12-08 21:49:31] ✓ Insertada orden: 0000749
[2025-12-08 21:49:31] ✓ Insertada orden: 0000750
[2025-12-08 21:49:31] ✓ Insertada orden: 0000751
[2025-12-08 21:49:31] ✓ Insertada orden: 0000752
[2025-12-08 21:49:31] ✓ Insertada orden: 0000753
[2025-12-08 21:49:31] ✓ Insertada orden: 0000754
[2025-12-08 21:49:31] ✓ Insertada orden: 0000755
[2025-12-08 21:49:31] ✓ Insertada orden: 0000756
[2025-12-08 21:49:31] ✓ Insertada orden: 0000757
[2025-12-08 21:49:31] ✓ Insertada orden: 0000758
[2025-12-08 21:49:31] ✓ Insertada orden: 0000759
[2025-12-08 21:49:31] ✓ Insertada orden: 0000760
[2025-12-08 21:49:31] ✓ Insertada orden: 0000761
[2025-12-08 21:49:31] ✓ Insertada orden: 0000762
[2025-12-08 21:49:31] ✓ Insertada orden: 0000763
[2025-12-08 21:49:31] ✓ Insertada orden: 0000764
[2025-12-08 21:49:31] ✓ Insertada orden: 0000765
[2025-12-08 21:49:31] ✓ Insertada orden: 0000766
[2025-12-08 21:49:31] ✓ Insertada orden: 0000767
[2025-12-08 21:49:31] ✓ Insertada orden: 0000768
[2025-12-08 21:49:31] ✓ Insertada orden: 0000769
[2025-12-08 21:49:31] ✓ Insertada orden: 0000770
[2025-12-08 21:49:31] ✓ Insertada orden: 0000771
[2025-12-08 21:49:31] ✓ Insertada orden: 0000772
[2025-12-08 21:49:31] ✓ Insertada orden: 0000773
[2025-12-08 21:49:31] ✓ Insertada orden: 0000774
[2025-12-08 21:49:31] ✓ Insertada orden: 0000775
[2025-12-08 21:49:31] ✓ Insertada orden: 0000776
[2025-12-08 21:49:31] ✓ Insertada orden: 0000777
[2025-12-08 21:49:31] ✓ Insertada orden: 0000778
[2025-12-08 21:49:31] ✓ Insertada orden: 0000779
[2025-12-08 21:49:31] ✓ Insertada orden: 0000780
[2025-12-08 21:49:31] ✓ Insertada orden: 0000781
[2025-12-08 21:49:31] ✓ Insertada orden: 0000782
[2025-12-08 21:49:31] ✓ Insertada orden: 0000783
[2025-12-08 21:49:31] ✓ Insertada orden: 0000784
[2025-12-08 21:49:31] ✓ Insertada orden: 0000785
[2025-12-08 21:49:31] ✓ Insertada orden: 0000786
[2025-12-08 21:49:31] ✓ Insertada orden: 0000787
[2025-12-08 21:49:31] ✓ Insertada orden: 0000788
[2025-12-08 21:49:31] ✓ Insertada orden: 0000789
[2025-12-08 21:49:31] ✓ Insertada orden: 0000790
[2025-12-08 21:49:31] ✓ Insertada orden: 0000791
[2025-12-08 21:49:31] ✓ Insertada orden: 0000792
[2025-12-08 21:49:31] ✓ Insertada orden: 0000793
[2025-12-08 21:49:31] ✓ Insertada orden: 0000794
[2025-12-08 21:49:31] ✓ Insertada orden: 0000795
[2025-12-08 21:49:31] ✓ Insertada orden: 0000796
[2025-12-08 21:49:31] ✓ Insertada orden: 0000797
[2025-12-08 21:49:31] ✓ Insertada orden: 0000798
[2025-12-08 21:49:31] ✓ Insertada orden: 0000799
[2025-12-08 21:49:31] ✓ Insertada orden: 0000800
[2025-12-08 21:49:31] ✓ Insertada orden: 0000801
[2025-12-08 21:49:31] ✓ Insertada orden: 0000802
[2025-12-08 21:49:31] ✓ Insertada orden: 0000803
[2025-12-08 21:49:31] ✓ Insertada orden: 0000804
[2025-12-08 21:49:31] ✓ Insertada orden: 0000805
[2025-12-08 21:49:31] ✓ Insertada orden: 0000806
[2025-12-08 21:49:31] ✓ Insertada orden: 0000807
[2025-12-08 21:49:31] ✓ Insertada orden: 0000808
[2025-12-08 21:49:31] ✓ Insertada orden: 0000809
[2025-12-08 21:49:31] ✓ Insertada orden: 0000810
[2025-12-08 21:49:31] ✓ Insertada orden: 0000811
[2025-12-08 21:49:31] ✓ Insertada orden: 0000812
[2025-12-08 21:49:31] ✓ Insertada orden: 0000813
[2025-12-08 21:49:31] ✓ Insertada orden: 0000814
[2025-12-08 21:49:31] ✓ Insertada orden: 0000815
[2025-12-08 21:49:31] ✓ Insertada orden: 0000816
[2025-12-08 21:49:31] ✓ Insertada orden: 0000817
[2025-12-08 21:49:31] ✓ Insertada orden: 0000818
[2025-12-08 21:49:31] ✓ Insertada orden: 0000819
[2025-12-08 21:49:31] ✓ Insertada orden: 0000820
[2025-12-08 21:49:31] ✓ Insertada orden: 0000821
[2025-12-08 21:49:31] ✓ Insertada orden: 0000822
[2025-12-08 21:49:31] ✓ Insertada orden: 0000823
[2025-12-08 21:49:31] ✓ Insertada orden: 0000824
[2025-12-08 21:49:31] ✓ Insertada orden: 0000825
[2025-12-08 21:49:31] ✓ Insertada orden: 0000826
[2025-12-08 21:49:31] ✓ Insertada orden: 0000827
[2025-12-08 21:49:31] ✓ Insertada orden: 0000828
[2025-12-08 21:49:31] ✓ Insertada orden: 0000829
[2025-12-08 21:49:31] ✓ Insertada orden: 0000830
[2025-12-08 21:49:31] ✓ Insertada orden: 0000831
[2025-12-08 21:49:31] ✓ Insertada orden: 0000832
[2025-12-08 21:49:31] ✓ Insertada orden: 0000833
[2025-12-08 21:49:31] ✓ Insertada orden: 0000834
[2025-12-08 21:49:31] ✓ Insertada orden: 0000835
[2025-12-08 21:49:31] ✓ Insertada orden: 0000836
[2025-12-08 21:49:31] ✓ Insertada orden: 0000837
[2025-12-08 21:49:31] ✓ Insertada orden: 0000838
[2025-12-08 21:49:31] ✓ Insertada orden: 0000839
[2025-12-08 21:49:31] ✓ Insertada orden: 0000840
[2025-12-08 21:49:31] ✓ Insertada orden: 0000841
[2025-12-08 21:49:31] ✓ Insertada orden: 0000842
[2025-12-08 21:49:31] ✓ Insertada orden: 0000843
[2025-12-08 21:49:31] ✓ Insertada orden: 0000844
[2025-12-08 21:49:31] ✓ Insertada orden: 0000845
[2025-12-08 21:49:31] ✓ Insertada orden: 0000846
[2025-12-08 21:49:31] ✓ Insertada orden: 0000847
[2025-12-08 21:49:31] ✓ Insertada orden: 0000848
[2025-12-08 21:49:31] ✓ Insertada orden: 0000849
[2025-12-08 21:49:31] ✓ Insertada orden: 0000850
[2025-12-08 21:49:31] ✓ Insertada orden: 0000851
[2025-12-08 21:49:31] ✓ Insertada orden: 0000852
[2025-12-08 21:49:31] ✓ Insertada orden: 0000853
[2025-12-08 21:49:31] ✓ Insertada orden: 0000855
[2025-12-08 21:49:31] ✓ Insertada orden: 0000856
[2025-12-08 21:49:31] ✓ Insertada orden: 0000857
[2025-12-08 21:49:31] ✓ Insertada orden: 0000858
[2025-12-08 21:49:31] ✓ Insertada orden: 0000859
[2025-12-08 21:49:31] ✓ Insertada orden: 0000860
[2025-12-08 21:49:31] ✓ Insertada orden: 0000861
[2025-12-08 21:49:31] ✓ Insertada orden: 0000862
[2025-12-08 21:49:31] ✓ Insertada orden: 0000863
[2025-12-08 21:49:31] ✓ Insertada orden: 0000864
[2025-12-08 21:49:31] ✓ Insertada orden: 0000865
[2025-12-08 21:49:31] ✓ Insertada orden: 0000866
[2025-12-08 21:49:31] ✓ Insertada orden: 0000867
[2025-12-08 21:49:31] ✓ Insertada orden: 0000868
[2025-12-08 21:49:31] ✓ Insertada orden: 0000869
[2025-12-08 21:49:31] ✓ Insertada orden: 0000870
[2025-12-08 21:49:31] ✓ Insertada orden: 0000871
[2025-12-08 21:49:31] ✓ Insertada orden: 0000872
[2025-12-08 21:49:31] ✓ Insertada orden: 0000873
[2025-12-08 21:49:31] ✓ Insertada orden: 0000874
[2025-12-08 21:49:31] ✓ Insertada orden: 0000875
[2025-12-08 21:49:31] ✓ Insertada orden: 0000876
[2025-12-08 21:49:31] ✓ Insertada orden: 0000877
[2025-12-08 21:49:31] ✓ Insertada orden: 0000879
[2025-12-08 21:49:31] ✓ Insertada orden: 0000880
[2025-12-08 21:49:31] ✓ Insertada orden: 0000881
[2025-12-08 21:49:31] ✓ Insertada orden: 0000882
[2025-12-08 21:49:31] ✓ Insertada orden: 0000883
[2025-12-08 21:49:31] ✓ Insertada orden: 0000884
[2025-12-08 21:49:31] ✓ Insertada orden: 0000885
[2025-12-08 21:49:31] ✓ Insertada orden: 0000886
[2025-12-08 21:49:31] ✓ Insertada orden: 0000887
[2025-12-08 21:49:31] ✓ Insertada orden: 0000888
[2025-12-08 21:49:31] ✓ Insertada orden: 0000889
[2025-12-08 21:49:31] ✓ Insertada orden: 0000890
[2025-12-08 21:49:31] ✓ Insertada orden: 0000891
[2025-12-08 21:49:31] ✓ Insertada orden: 0000892
[2025-12-08 21:49:31] ✓ Insertada orden: 0000893
[2025-12-08 21:49:31] ✓ Insertada orden: 0000894
[2025-12-08 21:49:31] ✓ Insertada orden: 0000895
[2025-12-08 21:49:31] ✓ Insertada orden: 0000896
[2025-12-08 21:49:31] ✓ Insertada orden: 0000897
[2025-12-08 21:49:31] ✓ Insertada orden: 0000898
[2025-12-08 21:49:31] ✓ Insertada orden: 0000899
[2025-12-08 21:49:31] ✓ Insertada orden: 0000900
[2025-12-08 21:49:31] ✓ Insertada orden: 0000901
[2025-12-08 21:49:31] ✓ Insertada orden: 0000902
[2025-12-08 21:49:31] ✓ Insertada orden: 0000903
[2025-12-08 21:49:31] ✓ Insertada orden: 0000904
[2025-12-08 21:49:31] ✓ Insertada orden: 0000905
[2025-12-08 21:49:31] ✓ Insertada orden: 0000906
[2025-12-08 21:49:31] ✓ Insertada orden: 0000907
[2025-12-08 21:49:31] ✓ Insertada orden: 0000908
[2025-12-08 21:49:31] ✓ Insertada orden: 0000909
[2025-12-08 21:49:31] ✓ Insertada orden: 0000910
[2025-12-08 21:49:31] ✓ Insertada orden: 0000911
[2025-12-08 21:49:31] ✓ Insertada orden: 0000912
[2025-12-08 21:49:31] ✓ Insertada orden: 0000913
[2025-12-08 21:49:31] ✓ Insertada orden: 0000914
[2025-12-08 21:49:31] ✓ Insertada orden: 0000915
[2025-12-08 21:49:31] ✓ Insertada orden: 0000916
[2025-12-08 21:49:31] ✓ Insertada orden: 0000917
[2025-12-08 21:49:31] ✓ Insertada orden: 0000918
[2025-12-08 21:49:31] ✓ Insertada orden: 0000919
[2025-12-08 21:49:31] ✓ Insertada orden: 0000920
[2025-12-08 21:49:31] ✓ Insertada orden: 0000921
[2025-12-08 21:49:31] ✓ Insertada orden: 0000922
[2025-12-08 21:49:31] ✓ Insertada orden: 0000923
[2025-12-08 21:49:31] ✓ Insertada orden: 0000924
[2025-12-08 21:49:31] ✓ Insertada orden: 0000925
[2025-12-08 21:49:31] ✓ Insertada orden: 0000926
[2025-12-08 21:49:31] ✓ Insertada orden: 0000927
[2025-12-08 21:49:31] ✓ Insertada orden: 0000928
[2025-12-08 21:49:31] ✓ Insertada orden: 0000929
[2025-12-08 21:49:31] ✓ Insertada orden: 0000930
[2025-12-08 21:49:31] ✓ Insertada orden: 0000931
[2025-12-08 21:49:31] ✓ Insertada orden: 0000932
[2025-12-08 21:49:31] ✓ Insertada orden: 0000933
[2025-12-08 21:49:31] ✓ Insertada orden: 0000934
[2025-12-08 21:49:31] ✓ Insertada orden: 0000935
[2025-12-08 21:49:31] ✓ Insertada orden: 0000936
[2025-12-08 21:49:31] ✓ Insertada orden: 0000937
[2025-12-08 21:49:31] ✓ Insertada orden: 0000938
[2025-12-08 21:49:31] ✓ Insertada orden: 0000939
[2025-12-08 21:49:31] ✓ Insertada orden: 0000940
[2025-12-08 21:49:31] ✓ Insertada orden: 0000941
[2025-12-08 21:49:31] ✓ Insertada orden: 0000942
[2025-12-08 21:49:31] ✓ Insertada orden: 0000943
[2025-12-08 21:49:31] ✓ Insertada orden: 0000944
[2025-12-08 21:49:31] ✓ Insertada orden: 0000945
[2025-12-08 21:49:31] ✓ Insertada orden: 0000946
[2025-12-08 21:49:31] ✓ Insertada orden: 0000947
[2025-12-08 21:49:31] ✓ Insertada orden: 0000948
[2025-12-08 21:49:31] ✓ Insertada orden: 0000949
[2025-12-08 21:49:31] ✓ Insertada orden: 0000950
[2025-12-08 21:49:31] ✓ Insertada orden: 0000951
[2025-12-08 21:49:31] ✓ Insertada orden: 0000952
[2025-12-08 21:49:31] ✓ Insertada orden: 0000953
[2025-12-08 21:49:31] ✓ Insertada orden: 0000954
[2025-12-08 21:49:31] ✓ Insertada orden: 0000955
[2025-12-08 21:49:31] ✓ Insertada orden: 0000956
[2025-12-08 21:49:31] ✓ Insertada orden: 0000957
[2025-12-08 21:49:31] ✓ Insertada orden: 0000958
[2025-12-08 21:49:31] ✓ Insertada orden: 0000959
[2025-12-08 21:49:31] ✓ Insertada orden: 0000960
[2025-12-08 21:49:31] ✓ Insertada orden: 0000961
[2025-12-08 21:49:31] ✓ Insertada orden: 0000962
[2025-12-08 21:49:31] ✓ Insertada orden: 0000963
[2025-12-08 21:49:31] ✓ Insertada orden: 0000964
[2025-12-08 21:49:31] ✓ Insertada orden: 0000965
[2025-12-08 21:49:31] ✓ Insertada orden: 0000966
[2025-12-08 21:49:31] ✓ Insertada orden: 0000967
[2025-12-08 21:49:31] ✓ Insertada orden: 0000968
[2025-12-08 21:49:31] ✓ Insertada orden: 0000969
[2025-12-08 21:49:31] ✓ Insertada orden: 0000970
[2025-12-08 21:49:31] ✓ Insertada orden: 0000971
[2025-12-08 21:49:31] ✓ Insertada orden: 0000972
[2025-12-08 21:49:31] ✓ Insertada orden: 0000973
[2025-12-08 21:49:31] ✓ Insertada orden: 0000974
[2025-12-08 21:49:31] ✓ Insertada orden: 0000975
[2025-12-08 21:49:31] ✓ Insertada orden: 0000976
[2025-12-08 21:49:31] ✓ Insertada orden: 0000977
[2025-12-08 21:49:31] ✓ Insertada orden: 0000978
[2025-12-08 21:49:31] ✓ Insertada orden: 0000979
[2025-12-08 21:49:31] ✓ Insertada orden: 0000980
[2025-12-08 21:49:31] ✓ Insertada orden: 0000981
[2025-12-08 21:49:31] ✓ Insertada orden: 0000982
[2025-12-08 21:49:31] ✓ Insertada orden: 0000983
[2025-12-08 21:49:31] ✓ Insertada orden: 0000984
[2025-12-08 21:49:31] ✓ Insertada orden: 0000985
[2025-12-08 21:49:31] ✓ Insertada orden: 0000986
[2025-12-08 21:49:31] ✓ Insertada orden: 0000987
[2025-12-08 21:49:31] ✓ Insertada orden: 0000988
[2025-12-08 21:49:31] ✓ Insertada orden: 0000989
[2025-12-08 21:49:31] ✓ Insertada orden: 0000990
[2025-12-08 21:49:31] ✓ Insertada orden: 0000991
[2025-12-08 21:49:31] ✓ Insertada orden: 0000992
[2025-12-08 21:49:31] ✓ Insertada orden: 0000993
[2025-12-08 21:49:31] ✓ Insertada orden: 0000994
[2025-12-08 21:49:31] ✓ Insertada orden: 0000995
[2025-12-08 21:49:31] ✓ Insertada orden: 0000996
[2025-12-08 21:49:31] ✓ Insertada orden: 0000997
[2025-12-08 21:49:31] ✓ Insertada orden: 0000998
[2025-12-08 21:49:31] ✓ Insertada orden: 0000999
[2025-12-08 21:49:31] ✓ Insertada orden: 0001000
[2025-12-08 21:49:31] ✓ Insertada orden: 0001001
[2025-12-08 21:49:31] ✓ Insertada orden: 0001002
[2025-12-08 21:49:31] ✓ Insertada orden: 0001003
[2025-12-08 21:49:31] ✓ Insertada orden: 0001004
[2025-12-08 21:49:31] ✓ Insertada orden: 0001005
[2025-12-08 21:49:31] ✓ Insertada orden: 0001006
[2025-12-08 21:49:31] ✓ Insertada orden: 0001007
[2025-12-08 21:49:31] ✓ Insertada orden: 0001008
[2025-12-08 21:49:31] ✓ Insertada orden: 0001009
[2025-12-08 21:49:31] ✓ Insertada orden: 0001010
[2025-12-08 21:49:31] ✓ Insertada orden: 0001011
[2025-12-08 21:49:31] ✓ Insertada orden: 0001012
[2025-12-08 21:49:31] ✓ Insertada orden: 0001013
[2025-12-08 21:49:31] ✓ Insertada orden: 0001014
[2025-12-08 21:49:31] ✓ Insertada orden: 0001015
[2025-12-08 21:49:31] ✓ Insertada orden: 0001016
[2025-12-08 21:49:31] ✓ Insertada orden: 0001017
[2025-12-08 21:49:31] ✓ Insertada orden: 0001018
[2025-12-08 21:49:31] ✓ Insertada orden: 0001019
[2025-12-08 21:49:31] ✓ Insertada orden: 0001020
[2025-12-08 21:49:31] ✓ Insertada orden: 0001021
[2025-12-08 21:49:31] ✓ Insertada orden: 0001022
[2025-12-08 21:49:31] ✓ Insertada orden: 0001023
[2025-12-08 21:49:31] ✓ Insertada orden: 0001024
[2025-12-08 21:49:31] ✓ Insertada orden: 0001025
[2025-12-08 21:49:31] ✓ Insertada orden: 0001026
[2025-12-08 21:49:31] ✓ Insertada orden: 0001027
[2025-12-08 21:49:31] ✓ Insertada orden: 0001028
[2025-12-08 21:49:31] ✓ Insertada orden: 0001029
[2025-12-08 21:49:31] ✓ Insertada orden: 0001030
[2025-12-08 21:49:31] ✓ Insertada orden: 0001031
[2025-12-08 21:49:31] ✓ Insertada orden: 0001032
[2025-12-08 21:49:31] ✓ Insertada orden: 0001033
[2025-12-08 21:49:31] ✓ Insertada orden: 0001034
[2025-12-08 21:49:31] ✓ Insertada orden: 0001035
[2025-12-08 21:49:31] ✓ Insertada orden: 0001036
[2025-12-08 21:49:31] ✓ Insertada orden: 0001037
[2025-12-08 21:49:31] ✓ Insertada orden: 0001038
[2025-12-08 21:49:31] ✓ Insertada orden: 0001039
[2025-12-08 21:49:31] ✓ Insertada orden: 0001040
[2025-12-08 21:49:31] ✓ Insertada orden: 0001041
[2025-12-08 21:49:31] ✓ Insertada orden: 0001042
[2025-12-08 21:49:31] ✓ Insertada orden: 0001043
[2025-12-08 21:49:31] ✓ Insertada orden: 0001044
[2025-12-08 21:49:31] ✓ Insertada orden: 0001045
[2025-12-08 21:49:31] ✓ Insertada orden: 0001046
[2025-12-08 21:49:31] ✓ Insertada orden: 0001047
[2025-12-08 21:49:31] ✓ Insertada orden: 0001048
[2025-12-08 21:49:31] ✓ Insertada orden: 0001049
[2025-12-08 21:49:31] ✓ Insertada orden: 0001050
[2025-12-08 21:49:31] ✓ Insertada orden: 0001051
[2025-12-08 21:49:31] ✓ Insertada orden: 0001052
[2025-12-08 21:49:31] ✓ Insertada orden: 0001053
[2025-12-08 21:49:31] ✓ Insertada orden: 0001054
[2025-12-08 21:49:31] ✓ Insertada orden: 0001055
[2025-12-08 21:49:31] ✓ Insertada orden: 0001056
[2025-12-08 21:49:31] ✓ Insertada orden: 0001057
[2025-12-08 21:49:31] ✓ Insertada orden: 0001058
[2025-12-08 21:49:31] ✓ Insertada orden: 0001059
[2025-12-08 21:49:31] ✓ Insertada orden: 0001060
[2025-12-08 21:49:31] ✓ Insertada orden: 0001061
[2025-12-08 21:49:31] ✓ Insertada orden: 0001062
[2025-12-08 21:49:31] ✓ Insertada orden: 0001063
[2025-12-08 21:49:31] ✓ Insertada orden: 0001064
[2025-12-08 21:49:31] ✓ Insertada orden: 0001065
[2025-12-08 21:49:31] ✓ Insertada orden: 0001066
[2025-12-08 21:49:31] ✓ Insertada orden: 0001067
[2025-12-08 21:49:31] ✓ Insertada orden: 0001068
[2025-12-08 21:49:31] ✓ Insertada orden: 0001069
[2025-12-08 21:49:31] ✓ Insertada orden: 0001070
[2025-12-08 21:49:31] ✓ Insertada orden: 0001071
[2025-12-08 21:49:31] ✓ Insertada orden: 0001072
[2025-12-08 21:49:31] ✓ Insertada orden: 0001073
[2025-12-08 21:49:31] ✓ Insertada orden: 0001074
[2025-12-08 21:49:31] ✓ Insertada orden: 0001075
[2025-12-08 21:49:31] ✓ Insertada orden: 0001076
[2025-12-08 21:49:31] ✓ Insertada orden: 0001077
[2025-12-08 21:49:31] ✓ Insertada orden: 0001078
[2025-12-08 21:49:31] ✓ Insertada orden: 0001079
[2025-12-08 21:49:31] ✓ Insertada orden: 0001080
[2025-12-08 21:49:31] ✓ Insertada orden: 0001081
[2025-12-08 21:49:31] ✓ Insertada orden: 0001082
[2025-12-08 21:49:31] ✓ Insertada orden: 0001083
[2025-12-08 21:49:31] ✓ Insertada orden: 0001084
[2025-12-08 21:49:31] ✓ Insertada orden: 0001085
[2025-12-08 21:49:31] ✓ Insertada orden: 0001086
[2025-12-08 21:49:31] ✓ Insertada orden: 0001087
[2025-12-08 21:49:31] ✓ Insertada orden: 0001088
[2025-12-08 21:49:31] ✓ Insertada orden: 0001089
[2025-12-08 21:49:31] ✓ Insertada orden: 0001090
[2025-12-08 21:49:31] ✓ Insertada orden: 0001091
[2025-12-08 21:49:31] ✓ Insertada orden: 0001092
[2025-12-08 21:49:31] ✓ Insertada orden: 0001093
[2025-12-08 21:49:31] ✓ Insertada orden: 0001094
[2025-12-08 21:49:31] ✓ Insertada orden: 0001095
[2025-12-08 21:49:31] ✓ Insertada orden: 0001096
[2025-12-08 21:49:31] ✓ Insertada orden: 0001097
[2025-12-08 21:49:31] ✓ Insertada orden: 0001098
[2025-12-08 21:49:31] ✓ Insertada orden: 0001099
[2025-12-08 21:49:31] ✓ Insertada orden: 0001100
[2025-12-08 21:49:31] ✓ Insertada orden: 0001101
[2025-12-08 21:49:31] ✓ Insertada orden: 0001102
[2025-12-08 21:49:31] ✓ Insertada orden: 0001103
[2025-12-08 21:49:31] ✓ Insertada orden: 0001104
[2025-12-08 21:49:31] ✓ Insertada orden: 0001105
[2025-12-08 21:49:31] ✓ Insertada orden: 0001106
[2025-12-08 21:49:31] ✓ Insertada orden: 0001107
[2025-12-08 21:49:31] ✓ Insertada orden: 0001108
[2025-12-08 21:49:31] ✓ Insertada orden: 0001109
[2025-12-08 21:49:31] ✓ Insertada orden: 0001110
[2025-12-08 21:49:31] ✓ Insertada orden: 0001111
[2025-12-08 21:49:31] ✓ Insertada orden: 0001112
[2025-12-08 21:49:31] ✓ Insertada orden: 0001113
[2025-12-08 21:49:31] ✓ Insertada orden: 0001114
[2025-12-08 21:49:31] ✓ Insertada orden: 0001115
[2025-12-08 21:49:31] ✓ Insertada orden: 0001116
[2025-12-08 21:49:31] ✓ Insertada orden: 0001117
[2025-12-08 21:49:31] ✓ Insertada orden: 0001118
[2025-12-08 21:49:31] ✓ Insertada orden: 0001119
[2025-12-08 21:49:31] ✓ Insertada orden: 0001120
[2025-12-08 21:49:31] ✓ Insertada orden: 0001121
[2025-12-08 21:49:31] ✓ Insertada orden: 0001122
[2025-12-08 21:49:31] ✓ Insertada orden: 0001123
[2025-12-08 21:49:31] ✓ Insertada orden: 0001124
[2025-12-08 21:49:31] ✓ Insertada orden: 0001125
[2025-12-08 21:49:31] ✓ Insertada orden: 0001126
[2025-12-08 21:49:31] ✓ Insertada orden: 0001127
[2025-12-08 21:49:31] ✓ Insertada orden: 0001128
[2025-12-08 21:49:31] ✓ Insertada orden: 0001129
[2025-12-08 21:49:31] ✓ Insertada orden: 0001131
[2025-12-08 21:49:31] ✓ Insertada orden: 0001132
[2025-12-08 21:49:31] ✓ Insertada orden: 0001133
[2025-12-08 21:49:31] ✓ Insertada orden: 0001134
[2025-12-08 21:49:31] ✓ Insertada orden: 0001135
[2025-12-08 21:49:31] ✓ Insertada orden: 0001136
[2025-12-08 21:49:31] ✓ Insertada orden: 0001137
[2025-12-08 21:49:31] ✓ Insertada orden: 0001138
[2025-12-08 21:49:31] ✓ Insertada orden: 0001139
[2025-12-08 21:49:31] ✓ Insertada orden: 0001140
[2025-12-08 21:49:31] ✓ Insertada orden: 0001141
[2025-12-08 21:49:31] ✓ Insertada orden: 0001142
[2025-12-08 21:49:31] ✓ Insertada orden: 0001143
[2025-12-08 21:49:31] ✓ Insertada orden: 0001144
[2025-12-08 21:49:31] ✓ Insertada orden: 0001145
[2025-12-08 21:49:31] ✓ Insertada orden: 0001146
[2025-12-08 21:49:31] ✓ Insertada orden: 0001147
[2025-12-08 21:49:31] ✓ Insertada orden: 0001148
[2025-12-08 21:49:31] ✓ Insertada orden: 0001149
[2025-12-08 21:49:31] ✓ Insertada orden: 0001150
[2025-12-08 21:49:31] ✓ Insertada orden: 0001151
[2025-12-08 21:49:31] ✓ Insertada orden: 0001152
[2025-12-08 21:49:31] ✓ Insertada orden: 0001153
[2025-12-08 21:49:31] ✓ Insertada orden: 0001154
[2025-12-08 21:49:31] ✓ Insertada orden: 0001155
[2025-12-08 21:49:31] ✓ Insertada orden: 0001156
[2025-12-08 21:49:31] ✓ Insertada orden: 0001157
[2025-12-08 21:49:31] ✓ Insertada orden: 0001158
[2025-12-08 21:49:31] ✓ Insertada orden: 0001159
[2025-12-08 21:49:31] ✓ Insertada orden: 0001160
[2025-12-08 21:49:31] ✓ Insertada orden: 0001161
[2025-12-08 21:49:31] ✓ Insertada orden: 0001162
[2025-12-08 21:49:31] ✓ Insertada orden: 0001163
[2025-12-08 21:49:31] ✓ Insertada orden: 0001164
[2025-12-08 21:49:31] ✓ Insertada orden: 0001165
[2025-12-08 21:49:31] ✓ Insertada orden: 0001166
[2025-12-08 21:49:31] ✓ Insertada orden: 0001167
[2025-12-08 21:49:31] ✓ Insertada orden: 0001168
[2025-12-08 21:49:31] ✓ Insertada orden: 0001169
[2025-12-08 21:49:31] ✓ Insertada orden: 0001170
[2025-12-08 21:49:31] ✓ Insertada orden: 0001171
[2025-12-08 21:49:31] ✓ Insertada orden: 0001172
[2025-12-08 21:49:31] ✓ Insertada orden: 0001173
[2025-12-08 21:49:31] ✓ Insertada orden: 0001174
[2025-12-08 21:49:31] ✓ Insertada orden: 0001175
[2025-12-08 21:49:31] ✓ Insertada orden: 0001176
[2025-12-08 21:49:31] ✓ Insertada orden: 0001177
[2025-12-08 21:49:31] ✓ Insertada orden: 0001178
[2025-12-08 21:49:31] ✓ Insertada orden: 0001179
[2025-12-08 21:49:31] ✓ Insertada orden: 0001180
[2025-12-08 21:49:31] ✓ Insertada orden: 0001181
[2025-12-08 21:49:31] ✓ Insertada orden: 0001182
[2025-12-08 21:49:31] ✓ Insertada orden: 0001183
[2025-12-08 21:49:31] ✓ Insertada orden: 0001184
[2025-12-08 21:49:31] ✓ Insertada orden: 0001185
[2025-12-08 21:49:31] ✓ Insertada orden: 0001186
[2025-12-08 21:49:31] ✓ Insertada orden: 0001187
[2025-12-08 21:49:31] ✓ Insertada orden: 0001188
[2025-12-08 21:49:31] ✓ Insertada orden: 0001189
[2025-12-08 21:49:31] ✓ Insertada orden: 0001190
[2025-12-08 21:49:31] ✓ Insertada orden: 0001191
[2025-12-08 21:49:31] ✓ Insertada orden: 0001192
[2025-12-08 21:49:31] ✓ Insertada orden: 0001193
[2025-12-08 21:49:31] ✓ Insertada orden: 0001194
[2025-12-08 21:49:31] ✓ Insertada orden: 0001195
[2025-12-08 21:49:31] ✓ Insertada orden: 0001196
[2025-12-08 21:49:31] ✓ Insertada orden: 0001197
[2025-12-08 21:49:31] ✓ Insertada orden: 0001198
[2025-12-08 21:49:31] ✓ Insertada orden: 0001199
[2025-12-08 21:49:31] ✓ Insertada orden: 0001200
[2025-12-08 21:49:31] ✓ Insertada orden: 0001201
[2025-12-08 21:49:31] ✓ Insertada orden: 0001202
[2025-12-08 21:49:31] ✓ Insertada orden: 0001203
[2025-12-08 21:49:31] ✓ Insertada orden: 0001204
[2025-12-08 21:49:31] ✓ Insertada orden: 0001205
[2025-12-08 21:49:31] ✓ Insertada orden: 0001206
[2025-12-08 21:49:31] ✓ Insertada orden: 0001207
[2025-12-08 21:49:31] ✓ Insertada orden: 0001208
[2025-12-08 21:49:31] ✓ Insertada orden: 0001209
[2025-12-08 21:49:31] ✓ Insertada orden: 0001210
[2025-12-08 21:49:31] ✓ Insertada orden: 0001211
[2025-12-08 21:49:31] ✓ Insertada orden: 0001212
[2025-12-08 21:49:31] ✓ Insertada orden: 0001213
[2025-12-08 21:49:31] ✓ Insertada orden: 0001214
[2025-12-08 21:49:31] ✓ Insertada orden: 0001215
[2025-12-08 21:49:31] ✓ Insertada orden: 0001216
[2025-12-08 21:49:31] ✓ Insertada orden: 0001217
[2025-12-08 21:49:31] ✓ Insertada orden: 0001218
[2025-12-08 21:49:31] ✓ Insertada orden: 0001219
[2025-12-08 21:49:31] ✓ Insertada orden: 0001220
[2025-12-08 21:49:31] ✓ Insertada orden: 0001221
[2025-12-08 21:49:31] ✓ Insertada orden: 0001222
[2025-12-08 21:49:31] ✓ Insertada orden: 0001223
[2025-12-08 21:49:31] ✓ Insertada orden: 0001224
[2025-12-08 21:49:31] ✓ Insertada orden: 0001225
[2025-12-08 21:49:31] ✓ Insertada orden: 0001226
[2025-12-08 21:49:31] ✓ Insertada orden: 0001227
[2025-12-08 21:49:31] ✓ Insertada orden: 0001228
[2025-12-08 21:49:31] ✓ Insertada orden: 0001229
[2025-12-08 21:49:31] ✓ Insertada orden: 0001230
[2025-12-08 21:49:31] ✓ Insertada orden: 0001231
[2025-12-08 21:49:31] ✓ Insertada orden: 0001232
[2025-12-08 21:49:31] ✓ Insertada orden: 0001233
[2025-12-08 21:49:31] ✓ Insertada orden: 0001234
[2025-12-08 21:49:31] ✓ Insertada orden: 0001235
[2025-12-08 21:49:31] ✓ Insertada orden: 0001236
[2025-12-08 21:49:31] ✓ Insertada orden: 0001237
[2025-12-08 21:49:31] ✓ Insertada orden: 0001238
[2025-12-08 21:49:31] ✓ Insertada orden: 0001239
[2025-12-08 21:49:31] ✓ Insertada orden: 0001240
[2025-12-08 21:49:31] ✓ Insertada orden: 0001241
[2025-12-08 21:49:31] ✓ Insertada orden: 0001242
[2025-12-08 21:49:31] ✓ Insertada orden: 0001243
[2025-12-08 21:49:31] ✓ Insertada orden: 0001244
[2025-12-08 21:49:31] ✓ Insertada orden: 0001245
[2025-12-08 21:49:31] ✓ Insertada orden: 0001246
[2025-12-08 21:49:31] ✓ Insertada orden: 0001247
[2025-12-08 21:49:31] ✓ Insertada orden: 0001248
[2025-12-08 21:49:31] ✓ Insertada orden: 0001249
[2025-12-08 21:49:31] ✓ Insertada orden: 0001250
[2025-12-08 21:49:31] ✓ Insertada orden: 0001251
[2025-12-08 21:49:31] ✓ Insertada orden: 0001253
[2025-12-08 21:49:31] ✓ Insertada orden: 0001254
[2025-12-08 21:49:31] ✓ Insertada orden: 0001255
[2025-12-08 21:49:31] ✓ Insertada orden: 0001256
[2025-12-08 21:49:31] ✓ Insertada orden: 0001257
[2025-12-08 21:49:31] ✓ Insertada orden: 0001258
[2025-12-08 21:49:31] ✓ Insertada orden: 0001259
[2025-12-08 21:49:31] ✓ Insertada orden: 0001260
[2025-12-08 21:49:31] ✓ Insertada orden: 0001261
[2025-12-08 21:49:31] ✓ Insertada orden: 0001262
[2025-12-08 21:49:31] ✓ Insertada orden: 0001263
[2025-12-08 21:49:31] ✓ Insertada orden: 0001264
[2025-12-08 21:49:31] ✓ Insertada orden: 0001265
[2025-12-08 21:49:31] ✓ Insertada orden: 0001266
[2025-12-08 21:49:31] ✓ Insertada orden: 0001267
[2025-12-08 21:49:31] ✓ Insertada orden: 0001268
[2025-12-08 21:49:31] ✓ Insertada orden: 0001269
[2025-12-08 21:49:31] ✓ Insertada orden: 0001270
[2025-12-08 21:49:31] ✓ Insertada orden: 0001271
[2025-12-08 21:49:31] ✓ Insertada orden: 0001272
[2025-12-08 21:49:31] ✓ Insertada orden: 0001273
[2025-12-08 21:49:31] ✓ Insertada orden: 0001274
[2025-12-08 21:49:31] ✓ Insertada orden: 0001275
[2025-12-08 21:49:31] ✓ Insertada orden: 0001276
[2025-12-08 21:49:31] ✓ Insertada orden: 0001277
[2025-12-08 21:49:31] ✓ Insertada orden: 0001278
[2025-12-08 21:49:31] ✓ Insertada orden: 0001279
[2025-12-08 21:49:31] ✓ Insertada orden: 0001280
[2025-12-08 21:49:31] ✓ Insertada orden: 0001281
[2025-12-08 21:49:31] ✓ Insertada orden: 0001282
[2025-12-08 21:49:31] ✓ Insertada orden: 0001283
[2025-12-08 21:49:31] ✓ Insertada orden: 0001284
[2025-12-08 21:49:31] ✓ Insertada orden: 0001285
[2025-12-08 21:49:31] ✓ Insertada orden: 0001286
[2025-12-08 21:49:31] ✓ Insertada orden: 0001287
[2025-12-08 21:49:31] ✓ Insertada orden: 0001288
[2025-12-08 21:49:31] ✓ Insertada orden: 0001289
[2025-12-08 21:49:31] ✓ Insertada orden: 0001290
[2025-12-08 21:49:31] ✓ Insertada orden: 0001291
[2025-12-08 21:49:31] ✓ Insertada orden: 0001292
[2025-12-08 21:49:31] ✓ Insertada orden: 0001293
[2025-12-08 21:49:31] ✓ Insertada orden: 0001294
[2025-12-08 21:49:31] ✓ Insertada orden: 0001295
[2025-12-08 21:49:31] ✓ Insertada orden: 0001296
[2025-12-08 21:49:31] ✓ Insertada orden: 0001297
[2025-12-08 21:49:31] ✓ Insertada orden: 0001298
[2025-12-08 21:49:31] ✓ Insertada orden: 0001299
[2025-12-08 21:49:31] ✓ Insertada orden: 0001300
[2025-12-08 21:49:31] ✓ Insertada orden: 0001301
[2025-12-08 21:49:31] ✓ Insertada orden: 0001302
[2025-12-08 21:49:31] ✓ Insertada orden: 0001303
[2025-12-08 21:49:31] ✓ Insertada orden: 0001304
[2025-12-08 21:49:31] ✓ Insertada orden: 0001305
[2025-12-08 21:49:31] ✓ Insertada orden: 0001306
[2025-12-08 21:49:31] ✓ Insertada orden: 0001307
[2025-12-08 21:49:31] ✓ Insertada orden: 0001308
[2025-12-08 21:49:31] ✓ Insertada orden: 0001309
[2025-12-08 21:49:31] ✓ Insertada orden: 0001310
[2025-12-08 21:49:31] ✓ Insertada orden: 0001311
[2025-12-08 21:49:31] ✓ Insertada orden: 0001312
[2025-12-08 21:49:31] ✓ Insertada orden: 0001313
[2025-12-08 21:49:31] ✓ Insertada orden: 0001314
[2025-12-08 21:49:31] ✓ Insertada orden: 0001315
[2025-12-08 21:49:31] ✓ Insertada orden: 0001316
[2025-12-08 21:49:31] ✓ Insertada orden: 0001317
[2025-12-08 21:49:31] ✓ Insertada orden: 0001318
[2025-12-08 21:49:31] ✓ Insertada orden: 0001319
[2025-12-08 21:49:31] ✓ Insertada orden: 0001320
[2025-12-08 21:49:31] ✓ Insertada orden: 0001321
[2025-12-08 21:49:31] ✓ Insertada orden: 0001322
[2025-12-08 21:49:31] ✓ Insertada orden: 0001323
[2025-12-08 21:49:31] ✓ Insertada orden: 0001324
[2025-12-08 21:49:31] ✓ Insertada orden: 0001325
[2025-12-08 21:49:31] ✓ Insertada orden: 0001326
[2025-12-08 21:49:31] ✓ Insertada orden: 0001327
[2025-12-08 21:49:31] ✓ Insertada orden: 0001328
[2025-12-08 21:49:31] ✓ Insertada orden: 0001329
[2025-12-08 21:49:31] ✓ Insertada orden: 0001330
[2025-12-08 21:49:31] ✓ Insertada orden: 0001331
[2025-12-08 21:49:31] ✓ Insertada orden: 0001332
[2025-12-08 21:49:31] ✓ Insertada orden: 0001333
[2025-12-08 21:49:31] ✓ Insertada orden: 0001334
[2025-12-08 21:49:31] ✓ Insertada orden: 0001335
[2025-12-08 21:49:31] ✓ Insertada orden: 0001336
[2025-12-08 21:49:31] ✓ Insertada orden: 0001337
[2025-12-08 21:49:31] ✓ Insertada orden: 0001338
[2025-12-08 21:49:31] ✓ Insertada orden: 0001339
[2025-12-08 21:49:31] ✓ Insertada orden: 0001340
[2025-12-08 21:49:31] ✓ Insertada orden: 0001341
[2025-12-08 21:49:31] ✓ Insertada orden: 0001342
[2025-12-08 21:49:31] ✓ Insertada orden: 0001343
[2025-12-08 21:49:31] ✓ Insertada orden: 0001344
[2025-12-08 21:49:31] ✓ Insertada orden: 0001345
[2025-12-08 21:49:31] ✓ Insertada orden: 0001346
[2025-12-08 21:49:31] ✓ Insertada orden: 0001347
[2025-12-08 21:49:31] ✓ Insertada orden: 0001348
[2025-12-08 21:49:31] ✓ Insertada orden: 0001349
[2025-12-08 21:49:31] ✓ Insertada orden: 0001350
[2025-12-08 21:49:31] ✓ Insertada orden: 0001351
[2025-12-08 21:49:31] ✓ Insertada orden: 0001352
[2025-12-08 21:49:31] ✓ Insertada orden: 0001353
[2025-12-08 21:49:31] ✓ Insertada orden: 0001354
[2025-12-08 21:49:31] ✓ Insertada orden: 0001355
[2025-12-08 21:49:31] ✓ Insertada orden: 0001356
[2025-12-08 21:49:31] ✓ Insertada orden: 0001357
[2025-12-08 21:49:31] ✓ Insertada orden: 0001358
[2025-12-08 21:49:31] ✓ Insertada orden: 0001359
[2025-12-08 21:49:31] ✓ Insertada orden: 0001360
[2025-12-08 21:49:31] ✓ Insertada orden: 0001361
[2025-12-08 21:49:31] ✓ Insertada orden: 0001362
[2025-12-08 21:49:31] ✓ Insertada orden: 0001363
[2025-12-08 21:49:31] ✓ Insertada orden: 0001364
[2025-12-08 21:49:31] ✓ Insertada orden: 0001365
[2025-12-08 21:49:31] ✓ Insertada orden: 0001366
[2025-12-08 21:49:31] ✓ Insertada orden: 0001367
[2025-12-08 21:49:31] ✓ Insertada orden: 0001368
[2025-12-08 21:49:31] ✓ Insertada orden: 0001369
[2025-12-08 21:49:31] ✓ Insertada orden: 0001370
[2025-12-08 21:49:31] ✓ Insertada orden: 0001371
[2025-12-08 21:49:31] ✓ Insertada orden: 0001372
[2025-12-08 21:49:31] ✓ Insertada orden: 0001373
[2025-12-08 21:49:31] ✓ Insertada orden: 0001374
[2025-12-08 21:49:31] ✓ Insertada orden: 0001375
[2025-12-08 21:49:31] ✓ Insertada orden: 0001376
[2025-12-08 21:49:31] ✓ Insertada orden: 0001377
[2025-12-08 21:49:31] ✓ Insertada orden: 0001378
[2025-12-08 21:49:31] ✓ Insertada orden: 0001379
[2025-12-08 21:49:31] ✓ Insertada orden: 0001380
[2025-12-08 21:49:31] ✓ Insertada orden: 0001381
[2025-12-08 21:49:31] ✓ Insertada orden: 0001382
[2025-12-08 21:49:31] ✓ Insertada orden: 0001383
[2025-12-08 21:49:31] ✓ Insertada orden: 0001384
[2025-12-08 21:49:31] ✓ Insertada orden: 0001385
[2025-12-08 21:49:31] ✓ Insertada orden: 0001386
[2025-12-08 21:49:31] ✓ Insertada orden: 0001387
[2025-12-08 21:49:31] ✓ Insertada orden: 0001388
[2025-12-08 21:49:31] ✓ Insertada orden: 0001389
[2025-12-08 21:49:31] ✓ Insertada orden: 0001390
[2025-12-08 21:49:31] ✓ Insertada orden: 0001391
[2025-12-08 21:49:31] ✓ Insertada orden: 0001392
[2025-12-08 21:49:31] ✓ Insertada orden: 0001393
[2025-12-08 21:49:31] ✓ Insertada orden: 0001394
[2025-12-08 21:49:31] ✓ Insertada orden: 0001395
[2025-12-08 21:49:31] ✓ Insertada orden: 0001396
[2025-12-08 21:49:31] ✓ Insertada orden: 0001397
[2025-12-08 21:49:31] ✓ Insertada orden: 0001398
[2025-12-08 21:49:31] ✓ Insertada orden: 0001399
[2025-12-08 21:49:31] ✓ Insertada orden: 0001400
[2025-12-08 21:49:31] ✓ Insertada orden: 0001401
[2025-12-08 21:49:31] ✓ Insertada orden: 0001402
[2025-12-08 21:49:31] ✓ Insertada orden: 0001403
[2025-12-08 21:49:31] ✓ Insertada orden: 0001404
[2025-12-08 21:49:31] ✓ Insertada orden: 0001405
[2025-12-08 21:49:31] ✓ Insertada orden: 0001406
[2025-12-08 21:49:31] ✓ Insertada orden: 0001407
[2025-12-08 21:49:31] ✓ Insertada orden: 0001408
[2025-12-08 21:49:31] ✓ Insertada orden: 0001409
[2025-12-08 21:49:31] ✓ Insertada orden: 0001410
[2025-12-08 21:49:31] ✓ Insertada orden: 0001411
[2025-12-08 21:49:31] ✓ Insertada orden: 0001412
[2025-12-08 21:49:31] ✓ Insertada orden: 0001413
[2025-12-08 21:49:31] ✓ Insertada orden: 0001414
[2025-12-08 21:49:31] ✓ Insertada orden: 0001415
[2025-12-08 21:49:31] ✓ Insertada orden: 0001416
[2025-12-08 21:49:31] ✓ Insertada orden: 0001417
[2025-12-08 21:49:31] ✓ Insertada orden: 0001418
[2025-12-08 21:49:31] ✓ Insertada orden: 0001419
[2025-12-08 21:49:31] ✓ Insertada orden: 0001420
[2025-12-08 21:49:31] ✓ Insertada orden: 0001421
[2025-12-08 21:49:31] ✓ Insertada orden: 0001422
[2025-12-08 21:49:31] ✓ Insertada orden: 0001423
[2025-12-08 21:49:31] ✓ Insertada orden: 0001424
[2025-12-08 21:49:31] ✓ Insertada orden: 0001425
[2025-12-08 21:49:31] ✓ Insertada orden: 0001426
[2025-12-08 21:49:31] ✓ Insertada orden: 0001427
[2025-12-08 21:49:31] ✓ Insertada orden: 0001428
[2025-12-08 21:49:31] ✓ Insertada orden: 0001429
[2025-12-08 21:49:31] ✓ Insertada orden: 0001430
[2025-12-08 21:49:31] ✓ Insertada orden: 0001431
[2025-12-08 21:49:31] ✓ Insertada orden: 0001432
[2025-12-08 21:49:31] ✓ Insertada orden: 0001433
[2025-12-08 21:49:31] ✓ Insertada orden: 0001434
[2025-12-08 21:49:31] ✓ Insertada orden: 0001435
[2025-12-08 21:49:31] ✓ Insertada orden: 0001436
[2025-12-08 21:49:31] ✓ Insertada orden: 0001437
[2025-12-08 21:49:31] ✓ Insertada orden: 0001438
[2025-12-08 21:49:31] ✓ Insertada orden: 0001439
[2025-12-08 21:49:31] ✓ Insertada orden: 0001440
[2025-12-08 21:49:31] ✓ Insertada orden: 0001441
[2025-12-08 21:49:31] ✓ Insertada orden: 0001442
[2025-12-08 21:49:31] ✓ Insertada orden: 0001443
[2025-12-08 21:49:31] ✓ Insertada orden: 0001444
[2025-12-08 21:49:31] ✓ Insertada orden: 0001445
[2025-12-08 21:49:31] ✓ Insertada orden: 0001446
[2025-12-08 21:49:31] ✓ Insertada orden: 0001447
[2025-12-08 21:49:31] ✓ Insertada orden: 0001448
[2025-12-08 21:49:31] ✓ Insertada orden: 0001449
[2025-12-08 21:49:31] ✓ Insertada orden: 0001450
[2025-12-08 21:49:31] ✓ Insertada orden: 0001451
[2025-12-08 21:49:31] ✓ Insertada orden: 0001452
[2025-12-08 21:49:31] ✓ Insertada orden: 0001453
[2025-12-08 21:49:31] ✓ Insertada orden: 0001454
[2025-12-08 21:49:31] ✓ Insertada orden: 0001455
[2025-12-08 21:49:31] ✓ Insertada orden: 0001456
[2025-12-08 21:49:31] ✓ Insertada orden: 0001457
[2025-12-08 21:49:31] ✓ Insertada orden: 0001458
[2025-12-08 21:49:31] ✓ Insertada orden: 0001459
[2025-12-08 21:49:31] ✓ Insertada orden: 0001460
[2025-12-08 21:49:31] ✓ Insertada orden: 0001461
[2025-12-08 21:49:31] ✓ Insertada orden: 0001462
[2025-12-08 21:49:31] ✓ Insertada orden: 0001463
[2025-12-08 21:49:31] ✓ Insertada orden: 0001464
[2025-12-08 21:49:31] ✓ Insertada orden: 0001465
[2025-12-08 21:49:31] ✓ Insertada orden: 0001466
[2025-12-08 21:49:31] ✓ Insertada orden: 0001467
[2025-12-08 21:49:31] ✓ Insertada orden: 0001468
[2025-12-08 21:49:31] ✓ Insertada orden: 0001469
[2025-12-08 21:49:31] ✓ Insertada orden: 0001470
[2025-12-08 21:49:31] ✓ Insertada orden: 0001471
[2025-12-08 21:49:31] ✓ Insertada orden: 0001472
[2025-12-08 21:49:31] ✓ Insertada orden: 0001473
[2025-12-08 21:49:31] ✓ Insertada orden: 0001474
[2025-12-08 21:49:31] ✓ Insertada orden: 0001475
[2025-12-08 21:49:31] ✓ Insertada orden: 0001476
[2025-12-08 21:49:31] ✓ Insertada orden: 0001477
[2025-12-08 21:49:31] ✓ Insertada orden: 0001478
[2025-12-08 21:49:31] ✓ Insertada orden: 0001479
[2025-12-08 21:49:31] ✓ Insertada orden: 0001480
[2025-12-08 21:49:31] ✓ Insertada orden: 0001481
[2025-12-08 21:49:31] ✓ Insertada orden: 0001482
[2025-12-08 21:49:31] ✓ Insertada orden: 0001483
[2025-12-08 21:49:31] ✓ Insertada orden: 0001484
[2025-12-08 21:49:31] ✓ Insertada orden: 0001485
[2025-12-08 21:49:31] ✓ Insertada orden: 0001486
[2025-12-08 21:49:31] ✓ Insertada orden: 0001487
[2025-12-08 21:49:31] ✓ Insertada orden: 0001488
[2025-12-08 21:49:31] ✓ Insertada orden: 0001489
[2025-12-08 21:49:31] ✓ Insertada orden: 0001490
[2025-12-08 21:49:31] ✓ Insertada orden: 0001491
[2025-12-08 21:49:31] ✓ Insertada orden: 0001492
[2025-12-08 21:49:31] ✓ Insertada orden: 0001493
[2025-12-08 21:49:31] ✓ Insertada orden: 0001494
[2025-12-08 21:49:31] ✓ Insertada orden: 0001495
[2025-12-08 21:49:31] ✓ Insertada orden: 0001496
[2025-12-08 21:49:31] ✓ Insertada orden: 0001497
[2025-12-08 21:49:31] ✓ Insertada orden: 0001498
[2025-12-08 21:49:31] ✓ Insertada orden: 0001499
[2025-12-08 21:49:31] ✓ Insertada orden: 0001500
[2025-12-08 21:49:31] ✓ Insertada orden: 0001501
[2025-12-08 21:49:31] ✓ Insertada orden: 0001502
[2025-12-08 21:49:31] ✓ Insertada orden: 0001503
[2025-12-08 21:49:31] ✓ Insertada orden: 0001504
[2025-12-08 21:49:31] ✓ Insertada orden: 0001505
[2025-12-08 21:49:31] ✓ Insertada orden: 0001506
[2025-12-08 21:49:31] ✓ Insertada orden: 0001507
[2025-12-08 21:49:31] ✓ Insertada orden: 0001508
[2025-12-08 21:49:31] ✓ Insertada orden: 0001509
[2025-12-08 21:49:31] ✓ Insertada orden: 0001510
[2025-12-08 21:49:31] ✓ Insertada orden: 0001511
[2025-12-08 21:49:31] ✓ Insertada orden: 0001512
[2025-12-08 21:49:31] ✓ Insertada orden: 0001513
[2025-12-08 21:49:31] ✓ Insertada orden: 0001514
[2025-12-08 21:49:31] ✓ Insertada orden: 0001515
[2025-12-08 21:49:31] ✓ Insertada orden: 0001516
[2025-12-08 21:49:31] ✓ Insertada orden: 0001517
[2025-12-08 21:49:31] ✓ Insertada orden: 0001518
[2025-12-08 21:49:31] ✓ Insertada orden: 0001519
[2025-12-08 21:49:31] ✓ Insertada orden: 0001520
[2025-12-08 21:49:31] ✓ Insertada orden: 0001521
[2025-12-08 21:49:31] ✓ Insertada orden: 0001522
[2025-12-08 21:49:31] ✓ Insertada orden: 0001523
[2025-12-08 21:49:31] ✓ Insertada orden: 0001524
[2025-12-08 21:49:31] ✓ Insertada orden: 0001525
[2025-12-08 21:49:31] ✓ Insertada orden: 0001526
[2025-12-08 21:49:31] ✓ Insertada orden: 0001527
[2025-12-08 21:49:31] ✓ Insertada orden: 0001528
[2025-12-08 21:49:31] ✓ Insertada orden: 0001529
[2025-12-08 21:49:31] ✓ Insertada orden: 0001530
[2025-12-08 21:49:31] ✓ Insertada orden: 0001531
[2025-12-08 21:49:31] ✓ Insertada orden: 0001532
[2025-12-08 21:49:31] ✓ Insertada orden: 0001533
[2025-12-08 21:49:31] ✓ Insertada orden: 0001534
[2025-12-08 21:49:31] ✓ Insertada orden: 0001535
[2025-12-08 21:49:31] ✓ Insertada orden: 0001536
[2025-12-08 21:49:31] ✓ Insertada orden: 0001537
[2025-12-08 21:49:31] ✓ Insertada orden: 0001538
[2025-12-08 21:49:31] ✓ Insertada orden: 0001539
[2025-12-08 21:49:31] ✓ Insertada orden: 0001540
[2025-12-08 21:49:31] ✓ Insertada orden: 0001541
[2025-12-08 21:49:31] ✓ Insertada orden: 0001542
[2025-12-08 21:49:31] ✓ Insertada orden: 0001543
[2025-12-08 21:49:31] ✓ Insertada orden: 0001544
[2025-12-08 21:49:31] ✓ Insertada orden: 0001545
[2025-12-08 21:49:31] ✓ Insertada orden: 0001546
[2025-12-08 21:49:31] ✓ Insertada orden: 0001547
[2025-12-08 21:49:31] ✓ Insertada orden: 0001548
[2025-12-08 21:49:31] ✓ Insertada orden: 0001549
[2025-12-08 21:49:31] ✓ Insertada orden: 0001550
[2025-12-08 21:49:31] ✓ Insertada orden: 0001551
[2025-12-08 21:49:31] ✓ Insertada orden: 0001552
[2025-12-08 21:49:31] ✓ Insertada orden: 0001553
[2025-12-08 21:49:31] ✓ Insertada orden: 0001554
[2025-12-08 21:49:31] ✓ Insertada orden: 0001555
[2025-12-08 21:49:31] ✓ Insertada orden: 0001556
[2025-12-08 21:49:31] ✓ Insertada orden: 0001557
[2025-12-08 21:49:31] ✓ Insertada orden: 0001558
[2025-12-08 21:49:31] ✓ Insertada orden: 0001559
[2025-12-08 21:49:31] ✓ Insertada orden: 0001560
[2025-12-08 21:49:31] ✓ Insertada orden: 0001561
[2025-12-08 21:49:31] ✓ Insertada orden: 0001562
[2025-12-08 21:49:31] ✓ Insertada orden: 0001563
[2025-12-08 21:49:31] ✓ Insertada orden: 0001564
[2025-12-08 21:49:31] ✓ Insertada orden: 0001565
[2025-12-08 21:49:31] ✓ Insertada orden: 0001566
[2025-12-08 21:49:31] ✓ Insertada orden: 0001567
[2025-12-08 21:49:31] ✓ Insertada orden: 0001568
[2025-12-08 21:49:31] ✓ Insertada orden: 0001569
[2025-12-08 21:49:31] ✓ Insertada orden: 0001570
[2025-12-08 21:49:31] ✓ Insertada orden: 0001571
[2025-12-08 21:49:31] ✓ Insertada orden: 0001572
[2025-12-08 21:49:31] ✓ Insertada orden: 0001573
[2025-12-08 21:49:31] ✓ Insertada orden: 0001574
[2025-12-08 21:49:31] ✓ Insertada orden: 0001575
[2025-12-08 21:49:31] ✓ Insertada orden: 0001576
[2025-12-08 21:49:31] ✓ Insertada orden: 0001577
[2025-12-08 21:49:31] ✓ Insertada orden: 0001578
[2025-12-08 21:49:31] ✓ Insertada orden: 0001579
[2025-12-08 21:49:31] ✓ Insertada orden: 0001580
[2025-12-08 21:49:31] ✓ Insertada orden: 0001581
[2025-12-08 21:49:31] ✓ Insertada orden: 0001582
[2025-12-08 21:49:31] ✓ Insertada orden: 0001583
[2025-12-08 21:49:31] ✓ Insertada orden: 0001584
[2025-12-08 21:49:31] ✓ Insertada orden: 0001585
[2025-12-08 21:49:31] ✓ Insertada orden: 0001586
[2025-12-08 21:49:31] ✓ Insertada orden: 0001587
[2025-12-08 21:49:31] ✓ Insertada orden: 0001588
[2025-12-08 21:49:31] ✓ Insertada orden: 0001589
[2025-12-08 21:49:31] ✓ Insertada orden: 0001590
[2025-12-08 21:49:31] ✓ Insertada orden: 0001591
[2025-12-08 21:49:31] ✓ Insertada orden: 0001592
[2025-12-08 21:49:31] ✓ Insertada orden: 0001593
[2025-12-08 21:49:31] ✓ Insertada orden: 0001594
[2025-12-08 21:49:31] ✓ Insertada orden: 0001595
[2025-12-08 21:49:31] ✓ Insertada orden: 0001596
[2025-12-08 21:49:31] ✓ Insertada orden: 0001597
[2025-12-08 21:49:31] ✓ Insertada orden: 0001598
[2025-12-08 21:49:31] ✓ Insertada orden: 0001599
[2025-12-08 21:49:31] ✓ Insertada orden: 0001600
[2025-12-08 21:49:31] ✓ Insertada orden: 0001601
[2025-12-08 21:49:31] ✓ Insertada orden: 0001602
[2025-12-08 21:49:31] ✓ Insertada orden: 0001603
[2025-12-08 21:49:31] ✓ Insertada orden: 0001604
[2025-12-08 21:49:31] ✓ Insertada orden: 0001605
[2025-12-08 21:49:31] ✓ Insertada orden: 0001606
[2025-12-08 21:49:31] ✓ Insertada orden: 0001607
[2025-12-08 21:49:31] ✓ Insertada orden: 0001608
[2025-12-08 21:49:31] ✓ Insertada orden: 0001609
[2025-12-08 21:49:31] ✓ Insertada orden: 0001610
[2025-12-08 21:49:31] ✓ Insertada orden: 0001611
[2025-12-08 21:49:31] ✓ Insertada orden: 0001612
[2025-12-08 21:49:31] ✓ Insertada orden: 0001613
[2025-12-08 21:49:31] ✓ Insertada orden: 0001614
[2025-12-08 21:49:31] ✓ Insertada orden: 0001615
[2025-12-08 21:49:31] ✓ Insertada orden: 0001616
[2025-12-08 21:49:31] ✓ Insertada orden: 0001617
[2025-12-08 21:49:31] ✓ Insertada orden: 0001618
[2025-12-08 21:49:31] ✓ Insertada orden: 0001619
[2025-12-08 21:49:31] ✓ Insertada orden: 0001620
[2025-12-08 21:49:31] ✓ Insertada orden: 0001621
[2025-12-08 21:49:31] ✓ Insertada orden: 0001622
[2025-12-08 21:49:31] ✓ Insertada orden: 0001623
[2025-12-08 21:49:31] ✓ Insertada orden: 0001624
[2025-12-08 21:49:31] ✓ Insertada orden: 0001625
[2025-12-08 21:49:31] ✓ Insertada orden: 0001626
[2025-12-08 21:49:31] ✓ Insertada orden: 0001627
[2025-12-08 21:49:31] ✓ Insertada orden: 0001628
[2025-12-08 21:49:31] ✓ Insertada orden: 0001629
[2025-12-08 21:49:31] ✓ Insertada orden: 0001630
[2025-12-08 21:49:31] ✓ Insertada orden: 0001631
[2025-12-08 21:49:31] ✓ Insertada orden: 0001632
[2025-12-08 21:49:31] ✓ Insertada orden: 0001633
[2025-12-08 21:49:31] ✓ Insertada orden: 0001634
[2025-12-08 21:49:31] ✓ Insertada orden: 0001635
[2025-12-08 21:49:31] ✓ Insertada orden: 0001636
[2025-12-08 21:49:31] ✓ Insertada orden: 0001637
[2025-12-08 21:49:31] ✓ Insertada orden: 0001638
[2025-12-08 21:49:31] ✓ Insertada orden: 0001639
[2025-12-08 21:49:31] ✓ Insertada orden: 0001640
[2025-12-08 21:49:31] ✓ Insertada orden: 0001641
[2025-12-08 21:49:31] ✓ Insertada orden: 0001642
[2025-12-08 21:49:31] ✓ Insertada orden: 0001643
[2025-12-08 21:49:31] ✓ Insertada orden: 0001644
[2025-12-08 21:49:31] ✓ Insertada orden: 0001645
[2025-12-08 21:49:31] ✓ Insertada orden: 0001646
[2025-12-08 21:49:31] ✓ Insertada orden: 0001647
[2025-12-08 21:49:31] ✓ Insertada orden: 0001648
[2025-12-08 21:49:31] ✓ Insertada orden: 0001649
[2025-12-08 21:49:31] ✓ Insertada orden: 0001650
[2025-12-08 21:49:31] ✓ Insertada orden: 0001651
[2025-12-08 21:49:31] ✓ Insertada orden: 0001652
[2025-12-08 21:49:31] ✓ Insertada orden: 0001653
[2025-12-08 21:49:31] ✓ Insertada orden: 0001654
[2025-12-08 21:49:31] ✓ Insertada orden: 0001655
[2025-12-08 21:49:31] ✓ Insertada orden: 0001656
[2025-12-08 21:49:31] ✓ Insertada orden: 0001657
[2025-12-08 21:49:31] ✓ Insertada orden: 0001658
[2025-12-08 21:49:31] ✓ Insertada orden: 0001659
[2025-12-08 21:49:31] ✓ Insertada orden: 0001660
[2025-12-08 21:49:31] ✓ Insertada orden: 0001661
[2025-12-08 21:49:31] ✓ Insertada orden: 0001662
[2025-12-08 21:49:31] ✓ Insertada orden: 0001663
[2025-12-08 21:49:31] ✓ Insertada orden: 0001664
[2025-12-08 21:49:31] ✓ Insertada orden: 0001665
[2025-12-08 21:49:31] ✓ Insertada orden: 0001666
[2025-12-08 21:49:31] ✓ Insertada orden: 0001667
[2025-12-08 21:49:31] ✓ Insertada orden: 0001668
[2025-12-08 21:49:31] ✓ Insertada orden: 0001669
[2025-12-08 21:49:31] ✓ Insertada orden: 0001670
[2025-12-08 21:49:31] ✓ Insertada orden: 0001671
[2025-12-08 21:49:31] ✓ Insertada orden: 0001672
[2025-12-08 21:49:31] ✓ Insertada orden: 0001673
[2025-12-08 21:49:31] ✓ Insertada orden: 0001674
[2025-12-08 21:49:31] ✓ Insertada orden: 0001675
[2025-12-08 21:49:31] ✓ Insertada orden: 0001676
[2025-12-08 21:49:31] ✓ Insertada orden: 0001677
[2025-12-08 21:49:31] ✓ Insertada orden: 0001678
[2025-12-08 21:49:31] ✓ Insertada orden: 0001679
[2025-12-08 21:49:31] ✓ Insertada orden: 0001680
[2025-12-08 21:49:31] ✓ Insertada orden: 0001681
[2025-12-08 21:49:31] ✓ Insertada orden: 0001682
[2025-12-08 21:49:31] ✓ Insertada orden: 0001683
[2025-12-08 21:49:31] ✓ Insertada orden: 0001684
[2025-12-08 21:49:31] ✓ Insertada orden: 0001685
[2025-12-08 21:49:31] ✓ Insertada orden: 0001686
[2025-12-08 21:49:31] ✓ Insertada orden: 0001687
[2025-12-08 21:49:31] ✓ Insertada orden: 0001688
[2025-12-08 21:49:31] ✓ Insertada orden: 0001689
[2025-12-08 21:49:31] ✓ Insertada orden: 0001690
[2025-12-08 21:49:31] ✓ Insertada orden: 0001691
[2025-12-08 21:49:31] ✓ Insertada orden: 0001692
[2025-12-08 21:49:31] ✓ Insertada orden: 0001693
[2025-12-08 21:49:31] ✓ Insertada orden: 0001694
[2025-12-08 21:49:31] ✓ Insertada orden: 0001695
[2025-12-08 21:49:31] ✓ Insertada orden: 0001696
[2025-12-08 21:49:31] ✓ Insertada orden: 0001697
[2025-12-08 21:49:31] ✓ Insertada orden: 0001698
[2025-12-08 21:49:31] ✓ Insertada orden: 0001699
[2025-12-08 21:49:31] ✓ Insertada orden: 0001700
[2025-12-08 21:49:31] ✓ Insertada orden: 0001701
[2025-12-08 21:49:31] ✓ Insertada orden: 0001702
[2025-12-08 21:49:31] ✓ Insertada orden: 0001703
[2025-12-08 21:49:31] ✓ Insertada orden: 0001704
[2025-12-08 21:49:31] ✓ Insertada orden: 0001705
[2025-12-08 21:49:31] ✓ Insertada orden: 0001706
[2025-12-08 21:49:31] ✓ Insertada orden: 0001707
[2025-12-08 21:49:31] ✓ Insertada orden: 0001708
[2025-12-08 21:49:31] ✓ Insertada orden: 0001709
[2025-12-08 21:49:31] ✓ Insertada orden: 0001710
[2025-12-08 21:49:31] ✓ Insertada orden: 0001711
[2025-12-08 21:49:31] ✓ Insertada orden: 0001712
[2025-12-08 21:49:31] ✓ Insertada orden: 0001713
[2025-12-08 21:49:31] ✓ Insertada orden: 0001714
[2025-12-08 21:49:31] ✓ Insertada orden: 0001715
[2025-12-08 21:49:31] ✓ Insertada orden: 0001716
[2025-12-08 21:49:31] ✓ Insertada orden: 0001717
[2025-12-08 21:49:31] ✓ Insertada orden: 0001718
[2025-12-08 21:49:31] ✓ Insertada orden: 0001719
[2025-12-08 21:49:31] ✓ Insertada orden: 0001720
[2025-12-08 21:49:31] ✓ Insertada orden: 0001721
[2025-12-08 21:49:31] ✓ Insertada orden: 0001722
[2025-12-08 21:49:31] ✓ Insertada orden: 0001723
[2025-12-08 21:49:31] ✓ Insertada orden: 0001724
[2025-12-08 21:49:31] ✓ Insertada orden: 0001725
[2025-12-08 21:49:31] ✓ Insertada orden: 0001726
[2025-12-08 21:49:31] ✓ Insertada orden: 0001727
[2025-12-08 21:49:31] ✓ Insertada orden: 0001728
[2025-12-08 21:49:31] ✓ Insertada orden: 0001729
[2025-12-08 21:49:31] ✓ Insertada orden: 0001730
[2025-12-08 21:49:31] ✓ Insertada orden: 0001731
[2025-12-08 21:49:31] ✓ Insertada orden: 0001732
[2025-12-08 21:49:31] ✓ Insertada orden: 0001733
[2025-12-08 21:49:31] ✓ Insertada orden: 0001734
[2025-12-08 21:49:31] ✓ Insertada orden: 0001735
[2025-12-08 21:49:31] ✓ Insertada orden: 0001736
[2025-12-08 21:49:31] ✓ Insertada orden: 0001737
[2025-12-08 21:49:31] ✓ Insertada orden: 0001738
[2025-12-08 21:49:31] ✓ Insertada orden: 0001739
[2025-12-08 21:49:31] ✓ Insertada orden: 0001740
[2025-12-08 21:49:31] ✓ Insertada orden: 0001741
[2025-12-08 21:49:31] ✓ Insertada orden: 0001742
[2025-12-08 21:49:31] ✓ Insertada orden: 0001743
[2025-12-08 21:49:31] ✓ Insertada orden: 0001744
[2025-12-08 21:49:31] ✓ Insertada orden: 0001745
[2025-12-08 21:49:31] ✓ Insertada orden: 0001746
[2025-12-08 21:49:31] ✓ Insertada orden: 0001747
[2025-12-08 21:49:31] ✓ Insertada orden: 0001748
[2025-12-08 21:49:31] ✓ Insertada orden: 0001749
[2025-12-08 21:49:31] ✓ Insertada orden: 0001750
[2025-12-08 21:49:31] ✓ Insertada orden: 0001751
[2025-12-08 21:49:31] ✓ Insertada orden: 0001752
[2025-12-08 21:49:31] ✓ Insertada orden: 0001753
[2025-12-08 21:49:31] ✓ Insertada orden: 0001754
[2025-12-08 21:49:31] ✓ Insertada orden: 0001755
[2025-12-08 21:49:31] ✓ Insertada orden: 0001756
[2025-12-08 21:49:31] ✓ Insertada orden: 0001757
[2025-12-08 21:49:31] ✓ Insertada orden: 0001758
[2025-12-08 21:49:31] ✓ Insertada orden: 0001759
[2025-12-08 21:49:31] ✓ Insertada orden: 0001760
[2025-12-08 21:49:31] ✓ Insertada orden: 0001761
[2025-12-08 21:49:31] ✓ Insertada orden: 0001762
[2025-12-08 21:49:31] ✓ Insertada orden: 0001763
[2025-12-08 21:49:31] ✓ Insertada orden: 0001764
[2025-12-08 21:49:31] ✓ Insertada orden: 0001765
[2025-12-08 21:49:31] ✓ Insertada orden: 0001766
[2025-12-08 21:49:31] ✓ Insertada orden: 0001767
[2025-12-08 21:49:31] ✓ Insertada orden: 0001768
[2025-12-08 21:49:31] ✓ Insertada orden: 0001769
[2025-12-08 21:49:31] ✓ Insertada orden: 0001770
[2025-12-08 21:49:31] ✓ Insertada orden: 0001771
[2025-12-08 21:49:31] ✓ Insertada orden: 0001772
[2025-12-08 21:49:31] ✓ Insertada orden: 0001773
[2025-12-08 21:49:31] ✓ Insertada orden: 0001774
[2025-12-08 21:49:31] ✓ Insertada orden: 0001775
[2025-12-08 21:49:31] ✓ Insertada orden: 0001776
[2025-12-08 21:49:31] ✓ Insertada orden: 0001777
[2025-12-08 21:49:31] ✓ Insertada orden: 0001778
[2025-12-08 21:49:31] ✓ Insertada orden: 0001779
[2025-12-08 21:49:31] ✓ Insertada orden: 0001780
[2025-12-08 21:49:31] ✓ Insertada orden: 0001781
[2025-12-08 21:49:31] ✓ Insertada orden: 0001782
[2025-12-08 21:49:31] ✓ Insertada orden: 0001783
[2025-12-08 21:49:31] ✓ Insertada orden: 0001784
[2025-12-08 21:49:31] ✓ Insertada orden: 0001785
[2025-12-08 21:49:31] ✓ Insertada orden: 0001786
[2025-12-08 21:49:31] ✓ Insertada orden: 0001787
[2025-12-08 21:49:31] ✓ Insertada orden: 0001788
[2025-12-08 21:49:31] ✓ Insertada orden: 0001789
[2025-12-08 21:49:31] ✓ Insertada orden: 0001790
[2025-12-08 21:49:31] ✓ Insertada orden: 0001791
[2025-12-08 21:49:31] ✓ Insertada orden: 0001792
[2025-12-08 21:49:31] ✓ Insertada orden: 0001793
[2025-12-08 21:49:31] ✓ Insertada orden: 0001794
[2025-12-08 21:49:31] ✓ Insertada orden: 0001795
[2025-12-08 21:49:31] ✓ Insertada orden: 0001796
[2025-12-08 21:49:31] ✓ Insertada orden: 0001797
[2025-12-08 21:49:31] ✓ Insertada orden: 0001798
[2025-12-08 21:49:31] ✓ Insertada orden: 0001799
[2025-12-08 21:49:31] ✓ Insertada orden: 0001800
[2025-12-08 21:49:31] ✓ Insertada orden: 0001801
[2025-12-08 21:49:31] ✓ Insertada orden: 0001802
[2025-12-08 21:49:31] ✓ Insertada orden: 0001803
[2025-12-08 21:49:31] ✓ Insertada orden: 0001804
[2025-12-08 21:49:31] ✓ Insertada orden: 0001805
[2025-12-08 21:49:31] ✓ Insertada orden: 0001806
[2025-12-08 21:49:31] ✓ Insertada orden: 0001807
[2025-12-08 21:49:31] ✓ Insertada orden: 0001808
[2025-12-08 21:49:31] ✓ Insertada orden: 0001809
[2025-12-08 21:49:31] ✓ Insertada orden: 0001810
[2025-12-08 21:49:31] ✓ Insertada orden: 0001811
[2025-12-08 21:49:31] ✓ Insertada orden: 0001812
[2025-12-08 21:49:31] ✓ Insertada orden: 0001813
[2025-12-08 21:49:31] ✓ Insertada orden: 0001814
[2025-12-08 21:49:31] ✓ Insertada orden: 0001815
[2025-12-08 21:49:31] ✓ Insertada orden: 0001816
[2025-12-08 21:49:31] ✓ Insertada orden: 0001817
[2025-12-08 21:49:31] ✓ Insertada orden: 0001818
[2025-12-08 21:49:31] ✓ Insertada orden: 0001819
[2025-12-08 21:49:31] ✓ Insertada orden: 0001820
[2025-12-08 21:49:31] ✓ Insertada orden: 0001821
[2025-12-08 21:49:31] ✓ Insertada orden: 0001822
[2025-12-08 21:49:31] ✓ Insertada orden: 0001823
[2025-12-08 21:49:31] ✓ Insertada orden: 0001824
[2025-12-08 21:49:31] ✓ Insertada orden: 0001825
[2025-12-08 21:49:31] ✓ Insertada orden: 0001826
[2025-12-08 21:49:31] ✓ Insertada orden: 0001827
[2025-12-08 21:49:31] ✓ Insertada orden: 0001828
[2025-12-08 21:49:31] ✓ Insertada orden: 0001829
[2025-12-08 21:49:31] ✓ Insertada orden: 0001830
[2025-12-08 21:49:31] ✓ Insertada orden: 0001831
[2025-12-08 21:49:31] ✓ Insertada orden: 0001832
[2025-12-08 21:49:31] ✓ Insertada orden: 0001833
[2025-12-08 21:49:31] ✓ Insertada orden: 0001834
[2025-12-08 21:49:31] ✓ Insertada orden: 0001835
[2025-12-08 21:49:31] ✓ Insertada orden: 0001836
[2025-12-08 21:49:31] ✓ Insertada orden: 0001837
[2025-12-08 21:49:31] ✓ Insertada orden: 0001838
[2025-12-08 21:49:31] ✓ Insertada orden: 0001839
[2025-12-08 21:49:31] ✓ Insertada orden: 0001840
[2025-12-08 21:49:31] ✓ Insertada orden: 0001841
[2025-12-08 21:49:31] ✓ Insertada orden: 0001842
[2025-12-08 21:49:31] ✓ Insertada orden: 0001843
[2025-12-08 21:49:31] ✓ Insertada orden: 0001844
[2025-12-08 21:49:31] ✓ Insertada orden: 0001845
[2025-12-08 21:49:31] ✓ Insertada orden: 0001846
[2025-12-08 21:49:31] ✓ Insertada orden: 0001847
[2025-12-08 21:49:31] ✓ Insertada orden: 0001848
[2025-12-08 21:49:31] ✓ Insertada orden: 0001849
[2025-12-08 21:49:31] ✓ Insertada orden: 0001850
[2025-12-08 21:49:31] ✓ Insertada orden: 0001851
[2025-12-08 21:49:31] ✓ Insertada orden: 0001852
[2025-12-08 21:49:31] ✓ Insertada orden: 0001853
[2025-12-08 21:49:31] ✓ Insertada orden: 0001854
[2025-12-08 21:49:31] ✓ Insertada orden: 0001855
[2025-12-08 21:49:31] ✓ Insertada orden: 0001856
[2025-12-08 21:49:31] ✓ Insertada orden: 0001857
[2025-12-08 21:49:31] ✓ Insertada orden: 0001858
[2025-12-08 21:49:31] ✓ Insertada orden: 0001859
[2025-12-08 21:49:31] ✓ Insertada orden: 0001860
[2025-12-08 21:49:31] ✓ Insertada orden: 0001861
[2025-12-08 21:49:31] ✓ Insertada orden: 0001862
[2025-12-08 21:49:31] ✓ Insertada orden: 0001863
[2025-12-08 21:49:31] ✓ Insertada orden: 0001864
[2025-12-08 21:49:31] ✓ Insertada orden: 0001865
[2025-12-08 21:49:31] ✓ Insertada orden: 0001866
[2025-12-08 21:49:31] ✓ Insertada orden: 0001867
[2025-12-08 21:49:31] ✓ Insertada orden: 0001868
[2025-12-08 21:49:31] ✓ Insertada orden: 0001869
[2025-12-08 21:49:31] ✓ Insertada orden: 0001870
[2025-12-08 21:49:31] ✓ Insertada orden: 0001871
[2025-12-08 21:49:31] ✓ Insertada orden: 0001872
[2025-12-08 21:49:31] ✓ Insertada orden: 0001873
[2025-12-08 21:49:31] ✓ Insertada orden: 0001874
[2025-12-08 21:49:31] ✓ Insertada orden: 0001875
[2025-12-08 21:49:31] ✓ Insertada orden: 0001876
[2025-12-08 21:49:31] ✓ Insertada orden: 0001877
[2025-12-08 21:49:31] ✓ Insertada orden: 0001878
[2025-12-08 21:49:31] ✓ Insertada orden: 0001879
[2025-12-08 21:49:31] ✓ Insertada orden: 0001880
[2025-12-08 21:49:31] ✓ Insertada orden: 0001881
[2025-12-08 21:49:31] ✓ Insertada orden: 0001882
[2025-12-08 21:49:31] ✓ Insertada orden: 0001883
[2025-12-08 21:49:31] ✓ Insertada orden: 0001884
[2025-12-08 21:49:31] ✓ Insertada orden: 0001885
[2025-12-08 21:49:31] ✓ Insertada orden: 0001886
[2025-12-08 21:49:31] ✓ Insertada orden: 0001887
[2025-12-08 21:49:31] ✓ Insertada orden: 0001888
[2025-12-08 21:49:31] ✓ Insertada orden: 0001889
[2025-12-08 21:49:31] ✓ Insertada orden: 0001890
[2025-12-08 21:49:31] ✓ Insertada orden: 0001891
[2025-12-08 21:49:31] ✓ Insertada orden: 0001892
[2025-12-08 21:49:31] ✓ Insertada orden: 0001893
[2025-12-08 21:49:31] ✓ Insertada orden: 0001894
[2025-12-08 21:49:31] ✓ Insertada orden: 0001895
[2025-12-08 21:49:31] ✓ Insertada orden: 0001896
[2025-12-08 21:49:31] ✓ Insertada orden: 0001897
[2025-12-08 21:49:31] ✓ Insertada orden: 0001898
[2025-12-08 21:49:31] ✓ Insertada orden: 0001899
[2025-12-08 21:49:31] ✓ Insertada orden: 0001900
[2025-12-08 21:49:31] ✓ Insertada orden: 0001901
[2025-12-08 21:49:31] ✓ Insertada orden: 0001902
[2025-12-08 21:49:31] ✓ Insertada orden: 0001903
[2025-12-08 21:49:31] ✓ Insertada orden: 0001904
[2025-12-08 21:49:31] ✓ Insertada orden: 0001905
[2025-12-08 21:49:31] ✓ Insertada orden: 0001906
[2025-12-08 21:49:31] ✓ Insertada orden: 0001907
[2025-12-08 21:49:31] ✓ Insertada orden: 0001908
[2025-12-08 21:49:31] ✓ Insertada orden: 0001909
[2025-12-08 21:49:31] ✓ Insertada orden: 0001910
[2025-12-08 21:49:31] ✓ Insertada orden: 0001911
[2025-12-08 21:49:31] ✓ Insertada orden: 0001912
[2025-12-08 21:49:31] ✓ Insertada orden: 0001913
[2025-12-08 21:49:31] ✓ Insertada orden: 0001914
[2025-12-08 21:49:31] ✓ Insertada orden: 0001915
[2025-12-08 21:49:31] ✓ Insertada orden: 0001916
[2025-12-08 21:49:31] ✓ Insertada orden: 0001917
[2025-12-08 21:49:31] ✓ Insertada orden: 0001918
[2025-12-08 21:49:31] ✓ Insertada orden: 0001919
[2025-12-08 21:49:31] ✓ Insertada orden: 0001920
[2025-12-08 21:49:31] ✓ Insertada orden: 0001921
[2025-12-08 21:49:31] ✓ Insertada orden: 0001922
[2025-12-08 21:49:31] ✓ Insertada orden: 0001923
[2025-12-08 21:49:31] ✓ Insertada orden: 0001924
[2025-12-08 21:49:31] ✓ Insertada orden: 0001925
[2025-12-08 21:49:31] ✓ Insertada orden: 0001926
[2025-12-08 21:49:31] ✓ Insertada orden: 0001927
[2025-12-08 21:49:31] ✓ Insertada orden: 0001928
[2025-12-08 21:49:31] ✓ Insertada orden: 0001929
[2025-12-08 21:49:31] ✓ Insertada orden: 0001930
[2025-12-08 21:49:31] ✓ Insertada orden: 0001931
[2025-12-08 21:49:31] ✓ Insertada orden: 0001932
[2025-12-08 21:49:31] ✓ Insertada orden: 0001933
[2025-12-08 21:49:31] ✓ Insertada orden: 0001934
[2025-12-08 21:49:31] ✓ Insertada orden: 0001935
[2025-12-08 21:49:31] ✓ Insertada orden: 0001936
[2025-12-08 21:49:31] ✓ Insertada orden: 0001937
[2025-12-08 21:49:31] ✓ Insertada orden: 0001938
[2025-12-08 21:49:31] ✓ Insertada orden: 0001939
[2025-12-08 21:49:31] ✓ Insertada orden: 0001940
[2025-12-08 21:49:31] ✓ Insertada orden: 0001941
[2025-12-08 21:49:31] ✓ Insertada orden: 0001942
[2025-12-08 21:49:31] ✓ Insertada orden: 0001943
[2025-12-08 21:49:31] ✓ Insertada orden: 0001944
[2025-12-08 21:49:31] ✓ Insertada orden: 0001945
[2025-12-08 21:49:31] ✓ Insertada orden: 0001946
[2025-12-08 21:49:31] ✓ Insertada orden: 0001947
[2025-12-08 21:49:31] ✓ Insertada orden: 0001948
[2025-12-08 21:49:31] ✓ Insertada orden: 0001949
[2025-12-08 21:49:31] ✓ Insertada orden: 0001950
[2025-12-08 21:49:31] ✓ Insertada orden: 0001951
[2025-12-08 21:49:31] ✓ Insertada orden: 0001952
[2025-12-08 21:49:31] ✓ Insertada orden: 0001953
[2025-12-08 21:49:31] ✓ Insertada orden: 0001954
[2025-12-08 21:49:31] ✓ Insertada orden: 0001955
[2025-12-08 21:49:31] ✓ Insertada orden: 0001956
[2025-12-08 21:49:31] ✓ Insertada orden: 0001957
[2025-12-08 21:49:31] ✓ Insertada orden: 0001958
[2025-12-08 21:49:31] ✓ Insertada orden: 0001959
[2025-12-08 21:49:31] ✓ Insertada orden: 0001960
[2025-12-08 21:49:31] ✓ Insertada orden: 0001961
[2025-12-08 21:49:31] ✓ Insertada orden: 0001962
[2025-12-08 21:49:31] ✓ Insertada orden: 0001963
[2025-12-08 21:49:31] ✓ Insertada orden: 0001964
[2025-12-08 21:49:31] ✓ Insertada orden: 0001965
[2025-12-08 21:49:31] ✓ Insertada orden: 0001966
[2025-12-08 21:49:31] ✓ Insertada orden: 0001967
[2025-12-08 21:49:31] ✓ Insertada orden: 0001968
[2025-12-08 21:49:31] ✓ Insertada orden: 0001969
[2025-12-08 21:49:31] ✓ Insertada orden: 0001970
[2025-12-08 21:49:31] ✓ Insertada orden: 0001971
[2025-12-08 21:49:31] ✓ Insertada orden: 0001972
[2025-12-08 21:49:31] ✓ Insertada orden: 0001973
[2025-12-08 21:49:31] ✓ Insertada orden: 0001974
[2025-12-08 21:49:31] ✓ Insertada orden: 0001975
[2025-12-08 21:49:31] ✓ Insertada orden: 0001976
[2025-12-08 21:49:31] ✓ Insertada orden: 0001977
[2025-12-08 21:49:31] ✓ Insertada orden: 0001978
[2025-12-08 21:49:31] ✓ Insertada orden: 0001979
[2025-12-08 21:49:31] ✓ Insertada orden: 0001980
[2025-12-08 21:49:31] ✓ Insertada orden: 0001981
[2025-12-08 21:49:31] ✓ Insertada orden: 0001982
[2025-12-08 21:49:31] ✓ Insertada orden: 0001983
[2025-12-08 21:49:31] ✓ Insertada orden: 0001984
[2025-12-08 21:49:31] ✓ Insertada orden: 0001985
[2025-12-08 21:49:31] ✓ Insertada orden: 0001986
[2025-12-08 21:49:31] ✓ Insertada orden: 0001987
[2025-12-08 21:49:31] ✓ Insertada orden: 0001988
[2025-12-08 21:49:31] ✓ Insertada orden: 0001989
[2025-12-08 21:49:31] ✓ Insertada orden: 0001990
[2025-12-08 21:49:31] ✓ Insertada orden: 0001991
[2025-12-08 21:49:31] ✓ Insertada orden: 0001992
[2025-12-08 21:49:31] ✓ Insertada orden: 0001993
[2025-12-08 21:49:31] ✓ Insertada orden: 0001994
[2025-12-08 21:49:31] ✓ Insertada orden: 0001995
[2025-12-08 21:49:31] ✓ Insertada orden: 0001996
[2025-12-08 21:49:31] ✓ Insertada orden: 0001997
[2025-12-08 21:49:31] ✓ Insertada orden: 0001998
[2025-12-08 21:49:31] ✓ Insertada orden: 0001999
[2025-12-08 21:49:31] ✓ Insertada orden: 0002000
[2025-12-08 21:49:31] ✓ Insertada orden: 0002001
[2025-12-08 21:49:31] ✓ Insertada orden: 0002002
[2025-12-08 21:49:31] ✓ Insertada orden: 0002003
[2025-12-08 21:49:31] ✓ Insertada orden: 0002004
[2025-12-08 21:49:31] ✓ Insertada orden: 0002005
[2025-12-08 21:49:31] ✓ Insertada orden: 0002006
[2025-12-08 21:49:31] ✓ Insertada orden: 0002007
[2025-12-08 21:49:31] ✓ Insertada orden: 0002008
[2025-12-08 21:49:31] ✓ Insertada orden: 0002009
[2025-12-08 21:49:31] ✓ Insertada orden: 0002010
[2025-12-08 21:49:31] ✓ Insertada orden: 0002011
[2025-12-08 21:49:31] ✓ Insertada orden: 0002012
[2025-12-08 21:49:31] ✓ Insertada orden: 0002013
[2025-12-08 21:49:31] ✓ Insertada orden: 0002014
[2025-12-08 21:49:31] ✓ Insertada orden: 0002015
[2025-12-08 21:49:31] ✓ Insertada orden: 0002016
[2025-12-08 21:49:31] ✓ Insertada orden: 0002017
[2025-12-08 21:49:31] ✓ Insertada orden: 0002018
[2025-12-08 21:49:31] ✓ Insertada orden: 0002019
[2025-12-08 21:49:31] ✓ Insertada orden: 0002020
[2025-12-08 21:49:31] ✓ Insertada orden: 0002021
[2025-12-08 21:49:31] ✓ Insertada orden: 0002022
[2025-12-08 21:49:31] ✓ Insertada orden: 0002023
[2025-12-08 21:49:31] ✓ Insertada orden: 0002024
[2025-12-08 21:49:31] ✓ Insertada orden: 0002025
[2025-12-08 21:49:31] ✓ Insertada orden: 0002026
[2025-12-08 21:49:31] ✓ Insertada orden: 0002027
[2025-12-08 21:49:31] ✓ Insertada orden: 0002028
[2025-12-08 21:49:31] ✓ Insertada orden: 0002029
[2025-12-08 21:49:31] ✓ Insertada orden: 0002030
[2025-12-08 21:49:31] ✓ Insertada orden: 0002031
[2025-12-08 21:49:31] ✓ Insertada orden: 0002032
[2025-12-08 21:49:31] ✓ Insertada orden: 0002033
[2025-12-08 21:49:31] ✓ Insertada orden: 0002034
[2025-12-08 21:49:31] ✓ Insertada orden: 0002035
[2025-12-08 21:49:31] ✓ Insertada orden: 0002036
[2025-12-08 21:49:31] ✓ Insertada orden: 0002037
[2025-12-08 21:49:31] ✓ Insertada orden: 0002038
[2025-12-08 21:49:31] ✓ Insertada orden: 0002039
[2025-12-08 21:49:31] ✓ Insertada orden: 0002040
[2025-12-08 21:49:31] ✓ Insertada orden: 0002041
[2025-12-08 21:49:31] ✓ Insertada orden: 0002042
[2025-12-08 21:49:31] ✓ Insertada orden: 0002043
[2025-12-08 21:49:31] ✓ Insertada orden: 0002044
[2025-12-08 21:49:31] ✓ Insertada orden: 0002045
[2025-12-08 21:49:31] ✓ Insertada orden: 0002046
[2025-12-08 21:49:31] ✓ Insertada orden: 0002047
[2025-12-08 21:49:31] ✓ Insertada orden: 0002048
[2025-12-08 21:49:31] ✓ Insertada orden: 0002049
[2025-12-08 21:49:31] ✓ Insertada orden: 0002050
[2025-12-08 21:49:31] ✓ Insertada orden: 0002051
[2025-12-08 21:49:31] ✓ Insertada orden: 0002052
[2025-12-08 21:49:31] ✓ Insertada orden: 0002053
[2025-12-08 21:49:31] ✓ Insertada orden: 0002054
[2025-12-08 21:49:31] ✓ Insertada orden: 0002055
[2025-12-08 21:49:31] ✓ Insertada orden: 0002056
[2025-12-08 21:49:31] ✓ Insertada orden: 0002057
[2025-12-08 21:49:31] ✓ Insertada orden: 0002058
[2025-12-08 21:49:31] ✓ Insertada orden: 0002059
[2025-12-08 21:49:31] ✓ Insertada orden: 0002060
[2025-12-08 21:49:31] ✓ Insertada orden: 0002061
[2025-12-08 21:49:31] ✓ Insertada orden: 0002062
[2025-12-08 21:49:31] ✓ Insertada orden: 0002063
[2025-12-08 21:49:31] ✓ Insertada orden: 0002064
[2025-12-08 21:49:31] ✓ Insertada orden: 0002065
[2025-12-08 21:49:31] ✓ Insertada orden: 0002066
[2025-12-08 21:49:31] ✓ Insertada orden: 0002067
[2025-12-08 21:49:31] ✓ Insertada orden: 0002068
[2025-12-08 21:49:31] ✓ Insertada orden: 0002069
[2025-12-08 21:49:31] ✓ Insertada orden: 0002070
[2025-12-08 21:49:31] ✓ Insertada orden: 0002071
[2025-12-08 21:49:31] ✓ Insertada orden: 0002072
[2025-12-08 21:49:31] ✓ Insertada orden: 0002073
[2025-12-08 21:49:31] ✓ Insertada orden: 0002074
[2025-12-08 21:49:31] ✓ Insertada orden: 0002075
[2025-12-08 21:49:31] ✓ Insertada orden: 0002076
[2025-12-08 21:49:31] ✓ Insertada orden: 0002077
[2025-12-08 21:49:31] ✓ Insertada orden: 0002078
[2025-12-08 21:49:31] ✓ Insertada orden: 0002079
[2025-12-08 21:49:31] ✓ Insertada orden: 0002080
[2025-12-08 21:49:31] ✓ Insertada orden: 0002081
[2025-12-08 21:49:31] ✓ Insertada orden: 0002082
[2025-12-08 21:49:31] ✓ Insertada orden: 0002083
[2025-12-08 21:49:31] ✓ Insertada orden: 0002084
[2025-12-08 21:49:31] ✓ Insertada orden: 0002085
[2025-12-08 21:49:31] ✓ Insertada orden: 0002086
[2025-12-08 21:49:31] ✓ Insertada orden: 0002087
[2025-12-08 21:49:31] ✓ Insertada orden: 0002088
[2025-12-08 21:49:31] ✓ Insertada orden: 0002089
[2025-12-08 21:49:31] ✓ Insertada orden: 0002090
[2025-12-08 21:49:31] ✓ Insertada orden: 0002091
[2025-12-08 21:49:31] ✓ Insertada orden: 0002092
[2025-12-08 21:49:31] ✓ Insertada orden: 0002093
[2025-12-08 21:49:31] ✓ Insertada orden: 0002094
[2025-12-08 21:49:31] ✓ Insertada orden: 0002095
[2025-12-08 21:49:31] ✓ Insertada orden: 0002096
[2025-12-08 21:49:31] ✓ Insertada orden: 0002097
[2025-12-08 21:49:31] ✓ Insertada orden: 0002098
[2025-12-08 21:49:31] ✓ Insertada orden: 0002099
[2025-12-08 21:49:31] ✓ Insertada orden: 0002100
[2025-12-08 21:49:31] ✓ Insertada orden: 0002101
[2025-12-08 21:49:31] ✓ Insertada orden: 0002102
[2025-12-08 21:49:31] ✓ Insertada orden: 0002103
[2025-12-08 21:49:31] ✓ Insertada orden: 0002104
[2025-12-08 21:49:31] ✓ Insertada orden: 0002105
[2025-12-08 21:49:31] ✓ Insertada orden: 0002106
[2025-12-08 21:49:31] ✓ Insertada orden: 0002107
[2025-12-08 21:49:31] ✓ Insertada orden: 0002108
[2025-12-08 21:49:31] ✓ Insertada orden: 0002109
[2025-12-08 21:49:31] ✓ Insertada orden: 0002110
[2025-12-08 21:49:31] ✓ Insertada orden: 0002111
[2025-12-08 21:49:31] ✓ Insertada orden: 0002112
[2025-12-08 21:49:31] ✓ Insertada orden: 0002113
[2025-12-08 21:49:31] ✓ Insertada orden: 0002114
[2025-12-08 21:49:31] ✓ Insertada orden: 0002115
[2025-12-08 21:49:31] ✓ Insertada orden: 0002116
[2025-12-08 21:49:31] ✓ Insertada orden: 0002117
[2025-12-08 21:49:31] ✓ Insertada orden: 0002118
[2025-12-08 21:49:31] ✓ Insertada orden: 0002119
[2025-12-08 21:49:31] ✓ Insertada orden: 0002120
[2025-12-08 21:49:31] ✓ Insertada orden: 0002121
[2025-12-08 21:49:31] ✓ Insertada orden: 0002122
[2025-12-08 21:49:31] ✓ Insertada orden: 0002123
[2025-12-08 21:49:31] ✓ Insertada orden: 0002124
[2025-12-08 21:49:31] ✓ Insertada orden: 0002125
[2025-12-08 21:49:31] ✓ Insertada orden: 0002126
[2025-12-08 21:49:31] ✓ Insertada orden: 0002127
[2025-12-08 21:49:31] ✓ Insertada orden: 0002128
[2025-12-08 21:49:31] ✓ Insertada orden: 0002129
[2025-12-08 21:49:31] ✓ Insertada orden: 0002130
[2025-12-08 21:49:31] ✓ Insertada orden: 0002131
[2025-12-08 21:49:31] ✓ Insertada orden: 0002132
[2025-12-08 21:49:31] ✓ Insertada orden: 0002133
[2025-12-08 21:49:31] ✓ Insertada orden: 0002134
[2025-12-08 21:49:31] ✓ Insertada orden: 0002135
[2025-12-08 21:49:31] ✓ Insertada orden: 0002136
[2025-12-08 21:49:31] ✓ Insertada orden: 0002137
[2025-12-08 21:49:31] ✓ Insertada orden: 0002138
[2025-12-08 21:49:31] ✓ Insertada orden: 0002139
[2025-12-08 21:49:31] ✓ Insertada orden: 0002140
[2025-12-08 21:49:31] ✓ Insertada orden: 0002141
[2025-12-08 21:49:31] ✓ Insertada orden: 0002142
[2025-12-08 21:49:31] ✓ Insertada orden: 0002143
[2025-12-08 21:49:31] ✓ Insertada orden: 0002144
[2025-12-08 21:49:31] ✓ Insertada orden: 0002145
[2025-12-08 21:49:31] ✓ Insertada orden: 0002146
[2025-12-08 21:49:31] ✓ Insertada orden: 0002147
[2025-12-08 21:49:31] ✓ Insertada orden: 0002148
[2025-12-08 21:49:31] ✓ Insertada orden: 0002149
[2025-12-08 21:49:31] ✓ Insertada orden: 0002150
[2025-12-08 21:49:31] ✓ Insertada orden: 0002151
[2025-12-08 21:49:31] ✓ Insertada orden: 0002152
[2025-12-08 21:49:31] ✓ Insertada orden: 0002153
[2025-12-08 21:49:31] ✓ Insertada orden: 0002154
[2025-12-08 21:49:31] ✓ Insertada orden: 0002155
[2025-12-08 21:49:31] ✓ Insertada orden: 0002156
[2025-12-08 21:49:31] ✓ Insertada orden: 0002157
[2025-12-08 21:49:31] ✓ Insertada orden: 0002158
[2025-12-08 21:49:31] ✓ Insertada orden: 0002159
[2025-12-08 21:49:31] ✓ Insertada orden: 0002160
[2025-12-08 21:49:31] ✓ Insertada orden: 0002161
[2025-12-08 21:49:31] ✓ Insertada orden: 0002162
[2025-12-08 21:49:31] ✓ Insertada orden: 0002163
[2025-12-08 21:49:31] ✓ Insertada orden: 0002164
[2025-12-08 21:49:31] ✓ Insertada orden: 0002165
[2025-12-08 21:49:31] ✓ Insertada orden: 0002166
[2025-12-08 21:49:31] ✓ Insertada orden: 0002167
[2025-12-08 21:49:31] ✓ Insertada orden: 0002168
[2025-12-08 21:49:31] ✓ Insertada orden: 0002169
[2025-12-08 21:49:31] ✓ Insertada orden: 0002170
[2025-12-08 21:49:31] ✓ Insertada orden: 0002171
[2025-12-08 21:49:31] ✓ Insertada orden: 0002172
[2025-12-08 21:49:31] ✓ Insertada orden: 0002173
[2025-12-08 21:49:31] ✓ Insertada orden: 0002174
[2025-12-08 21:49:31] ✓ Insertada orden: 0002175
[2025-12-08 21:49:31] ✓ Insertada orden: 0002176
[2025-12-08 21:49:31] ✓ Insertada orden: 0002177
[2025-12-08 21:49:31] ✓ Insertada orden: 0002178
[2025-12-08 21:49:31] ✓ Insertada orden: 0002179
[2025-12-08 21:49:31] ✓ Insertada orden: 0002180
[2025-12-08 21:49:31] ✓ Insertada orden: 0002181
[2025-12-08 21:49:31] ✓ Insertada orden: 0002182
[2025-12-08 21:49:31] ✓ Insertada orden: 0002183
[2025-12-08 21:49:31] ✓ Insertada orden: 0002184
[2025-12-08 21:49:31] ✓ Insertada orden: 0002185
[2025-12-08 21:49:31] ✓ Insertada orden: 0002186
[2025-12-08 21:49:31] ✓ Insertada orden: 0002187
[2025-12-08 21:49:31] ✓ Insertada orden: 0002188
[2025-12-08 21:49:31] ✓ Insertada orden: 0002189
[2025-12-08 21:49:31] ✓ Insertada orden: 0002190
[2025-12-08 21:49:31] ✓ Insertada orden: 0002191
[2025-12-08 21:49:31] ✓ Insertada orden: 0002192
[2025-12-08 21:49:31] ✓ Insertada orden: 0002193
[2025-12-08 21:49:31] ✓ Insertada orden: 0002194
[2025-12-08 21:49:31] ✓ Insertada orden: 0002195
[2025-12-08 21:49:31] ✓ Insertada orden: 0002196
[2025-12-08 21:49:31] ✓ Insertada orden: 0002197
[2025-12-08 21:49:31] ✓ Insertada orden: 0002198
[2025-12-08 21:49:31] ✓ Insertada orden: 0002199
[2025-12-08 21:49:31] ✓ Insertada orden: 0002200
[2025-12-08 21:49:31] ✓ Insertada orden: 0002201
[2025-12-08 21:49:31] ✓ Insertada orden: 0002202
[2025-12-08 21:49:31] ✓ Insertada orden: 0002203
[2025-12-08 21:49:31] ✓ Insertada orden: 0002204
[2025-12-08 21:49:31] ✓ Insertada orden: 0002205
[2025-12-08 21:49:31] ✓ Insertada orden: 0002206
[2025-12-08 21:49:31] ✓ Insertada orden: 0002207
[2025-12-08 21:49:31] ✓ Insertada orden: 0002208
[2025-12-08 21:49:31] ✓ Insertada orden: 0002209
[2025-12-08 21:49:31] ✓ Insertada orden: 0002210
[2025-12-08 21:49:31] ✓ Insertada orden: 0002211
[2025-12-08 21:49:31] ✓ Insertada orden: 0002212
[2025-12-08 21:49:31] ✓ Insertada orden: 0002213
[2025-12-08 21:49:31] ✓ Insertada orden: 0002214
[2025-12-08 21:49:31] ✓ Insertada orden: 0002215
[2025-12-08 21:49:31] ✓ Insertada orden: 0002216
[2025-12-08 21:49:31] ✓ Insertada orden: 0002217
[2025-12-08 21:49:31] ✓ Insertada orden: 0002218
[2025-12-08 21:49:31] ✓ Insertada orden: 0002219
[2025-12-08 21:49:31] ✓ Insertada orden: 0002220
[2025-12-08 21:49:31] ✓ Insertada orden: 0002221
[2025-12-08 21:49:31] ✓ Insertada orden: 0002222
[2025-12-08 21:49:31] ✓ Insertada orden: 0002223
[2025-12-08 21:49:31] ✓ Insertada orden: 0002224
[2025-12-08 21:49:31] ✓ Insertada orden: 0002225
[2025-12-08 21:49:31] ✓ Insertada orden: 0002226
[2025-12-08 21:49:31] ✓ Insertada orden: 0002227
[2025-12-08 21:49:31] ✓ Insertada orden: 0002228
[2025-12-08 21:49:31] ✓ Insertada orden: 0002229
[2025-12-08 21:49:31] ✓ Insertada orden: 0002230
[2025-12-08 21:49:31] ✓ Insertada orden: 0002231
[2025-12-08 21:49:31] ✓ Insertada orden: 0002232
[2025-12-08 21:49:31] ✓ Insertada orden: 0002233
[2025-12-08 21:49:31] ✓ Insertada orden: 0002234
[2025-12-08 21:49:31] ✓ Insertada orden: 0002235
[2025-12-08 21:49:31] ✓ Insertada orden: 0002236
[2025-12-08 21:49:31] ✓ Insertada orden: 0002237
[2025-12-08 21:49:31] ✓ Insertada orden: 0002238
[2025-12-08 21:49:31] ✓ Insertada orden: 0002239
[2025-12-08 21:49:31] ✓ Insertada orden: 0002240
[2025-12-08 21:49:31] ✓ Insertada orden: 0002241
[2025-12-08 21:49:31] ✓ Insertada orden: 0002242
[2025-12-08 21:49:31] ✓ Insertada orden: 0002243
[2025-12-08 21:49:31] ✓ Insertada orden: 0002244
[2025-12-08 21:49:31] ✓ Insertada orden: 0002245
[2025-12-08 21:49:31] ✓ Insertada orden: 0002246
[2025-12-08 21:49:31] ✓ Insertada orden: 0002247
[2025-12-08 21:49:31] ✓ Insertada orden: 0002248
[2025-12-08 21:49:31] ✓ Insertada orden: 0002249
[2025-12-08 21:49:31] ✓ Insertada orden: 0002250
[2025-12-08 21:49:31] ✓ Insertada orden: 0002251
[2025-12-08 21:49:31] ✓ Insertada orden: 0002252
[2025-12-08 21:49:31] ✓ Insertada orden: 0002253
[2025-12-08 21:49:31] ✓ Insertada orden: 0002254
[2025-12-08 21:49:31] ✓ Insertada orden: 0002255
[2025-12-08 21:49:31] ✓ Insertada orden: 0002256
[2025-12-08 21:49:31] ✓ Insertada orden: 0002257
[2025-12-08 21:49:31] ✓ Insertada orden: 0002258
[2025-12-08 21:49:31] ✓ Insertada orden: 0002259
[2025-12-08 21:49:31] ✓ Insertada orden: 0002260
[2025-12-08 21:49:31] ✓ Insertada orden: 0002261
[2025-12-08 21:49:31] ✓ Insertada orden: 0002262
[2025-12-08 21:49:31] ✓ Insertada orden: 0002263
[2025-12-08 21:49:31] ✓ Insertada orden: 0002264
[2025-12-08 21:49:31] ✓ Insertada orden: 0002265
[2025-12-08 21:49:31] ✓ Insertada orden: 0002266
[2025-12-08 21:49:31] ✓ Insertada orden: 0002267
[2025-12-08 21:49:31] ✓ Insertada orden: 0002268
[2025-12-08 21:49:31] ✓ Insertada orden: 0002269
[2025-12-08 21:49:31] ✓ Insertada orden: 0002270
[2025-12-08 21:49:31] ✓ Insertada orden: 0002271
[2025-12-08 21:49:31] ✓ Insertada orden: 0002272
[2025-12-08 21:49:31] ✓ Insertada orden: 0002273
[2025-12-08 21:49:31] ✓ Insertada orden: 0002274
[2025-12-08 21:49:31] ✓ Insertada orden: 0002275
[2025-12-08 21:49:31] ✓ Insertada orden: 0002276
[2025-12-08 21:49:31] ✓ Insertada orden: 0002277
[2025-12-08 21:49:31] ✓ Insertada orden: 0002278
[2025-12-08 21:49:31] ✓ Insertada orden: 0002279
[2025-12-08 21:49:31] ✓ Insertada orden: 0002280
[2025-12-08 21:49:31] ✓ Insertada orden: 0002281
[2025-12-08 21:49:31] ✓ Insertada orden: 0002282
[2025-12-08 21:49:31] ✓ Insertada orden: 0002283
[2025-12-08 21:49:31] ✓ Insertada orden: 0002284
[2025-12-08 21:49:31] ✓ Insertada orden: 0002285
[2025-12-08 21:49:31] ✓ Insertada orden: 0002286
[2025-12-08 21:49:31] ✓ Insertada orden: 0002287
[2025-12-08 21:49:31] ✓ Insertada orden: 0002288
[2025-12-08 21:49:31] ✓ Insertada orden: 0002289
[2025-12-08 21:49:31] ✓ Insertada orden: 0002290
[2025-12-08 21:49:31] ✓ Insertada orden: 0002291
[2025-12-08 21:49:31] ✓ Insertada orden: 0002292
[2025-12-08 21:49:31] ✓ Insertada orden: 0002293
[2025-12-08 21:49:31] ✓ Insertada orden: 0002294
[2025-12-08 21:49:31] ✓ Insertada orden: 0002295
[2025-12-08 21:49:31] ✓ Insertada orden: 0002296
[2025-12-08 21:49:31] ✓ Insertada orden: 0002297
[2025-12-08 21:49:31] ✓ Insertada orden: 0002298
[2025-12-08 21:49:31] ✓ Insertada orden: 0002299
[2025-12-08 21:49:31] ✓ Insertada orden: 0002300
[2025-12-08 21:49:31] ✓ Insertada orden: 0002301
[2025-12-08 21:49:31] ✓ Insertada orden: 0002302
[2025-12-08 21:49:31] ✓ Insertada orden: 0002303
[2025-12-08 21:49:31] ✓ Insertada orden: 0002304
[2025-12-08 21:49:31] ✓ Insertada orden: 0002305
[2025-12-08 21:49:31] ✓ Insertada orden: 0002306
[2025-12-08 21:49:31] ✓ Insertada orden: 0002307
[2025-12-08 21:49:31] ✓ Insertada orden: 0002308
[2025-12-08 21:49:31] ✓ Insertada orden: 0002309
[2025-12-08 21:49:31] ✓ Insertada orden: 0002310
[2025-12-08 21:49:31] ✓ Insertada orden: 0002311
[2025-12-08 21:49:31] ✓ Insertada orden: 0002312
[2025-12-08 21:49:31] ✓ Insertada orden: 0002313
[2025-12-08 21:49:31] ✓ Insertada orden: 0002314
[2025-12-08 21:49:31] ✓ Insertada orden: 0002315
[2025-12-08 21:49:31] ✓ Insertada orden: 0002316
[2025-12-08 21:49:31] ✓ Insertada orden: 0002317
[2025-12-08 21:49:31] ✓ Insertada orden: 0002318
[2025-12-08 21:49:31] ✓ Insertada orden: 0002319
[2025-12-08 21:49:31] ✓ Insertada orden: 0002320
[2025-12-08 21:49:31] ✓ Insertada orden: 0002321
[2025-12-08 21:49:31] ✓ Insertada orden: 0002322
[2025-12-08 21:49:31] ✓ Insertada orden: 0002323
[2025-12-08 21:49:31] ✓ Insertada orden: 0002324
[2025-12-08 21:49:31] ✓ Insertada orden: 0002325
[2025-12-08 21:49:31] ✓ Insertada orden: 0002326
[2025-12-08 21:49:31] ✓ Insertada orden: 0002327
[2025-12-08 21:49:31] ✓ Insertada orden: 0002328
[2025-12-08 21:49:31] ✓ Insertada orden: 0002329
[2025-12-08 21:49:31] ✓ Insertada orden: 0002330
[2025-12-08 21:49:31] ✓ Insertada orden: 0002331
[2025-12-08 21:49:31] ✓ Insertada orden: 0002332
[2025-12-08 21:49:31] ✓ Insertada orden: 0002334
[2025-12-08 21:49:31] ✓ Insertada orden: 0002335
[2025-12-08 21:49:31] ✓ Insertada orden: 0002336
[2025-12-08 21:49:31] ✓ Insertada orden: 0002337
[2025-12-08 21:49:31] ✓ Insertada orden: 0002338
[2025-12-08 21:49:31] ✓ Insertada orden: 0002339
[2025-12-08 21:49:31] ✓ Insertada orden: 0002340
[2025-12-08 21:49:31] ✓ Insertada orden: 0002341
[2025-12-08 21:49:31] ✓ Insertada orden: 0002342
[2025-12-08 21:49:31] ✓ Insertada orden: 0002343
[2025-12-08 21:49:31] ✓ Insertada orden: 0002344
[2025-12-08 21:49:31] ✓ Insertada orden: 0002345
[2025-12-08 21:49:31] ✓ Insertada orden: 0002346
[2025-12-08 21:49:31] ✓ Insertada orden: 0002347
[2025-12-08 21:49:31] ✓ Insertada orden: 0002348
[2025-12-08 21:49:31] ✓ Insertada orden: 0002349
[2025-12-08 21:49:31] ✓ Insertada orden: 0002350
[2025-12-08 21:49:31] ✓ Insertada orden: 0002351
[2025-12-08 21:49:31] ✓ Insertada orden: 0002352
[2025-12-08 21:49:31] ✓ Insertada orden: 0002353
[2025-12-08 21:49:31] ✓ Insertada orden: 0002354
[2025-12-08 21:49:31] ✓ Insertada orden: 0002355
[2025-12-08 21:49:31] ✓ Insertada orden: 0002356
[2025-12-08 21:49:31] ✓ Insertada orden: 0002357
[2025-12-08 21:49:31] ✓ Insertada orden: 0002358
[2025-12-08 21:49:31] ✓ Insertada orden: 0002359
[2025-12-08 21:49:31] ✓ Insertada orden: 0002360
[2025-12-08 21:49:31] ✓ Insertada orden: 0002361
[2025-12-08 21:49:31] ✓ Insertada orden: 0002362
[2025-12-08 21:49:31] ✓ Insertada orden: 0002363
[2025-12-08 21:49:31] ✓ Insertada orden: 0002364
[2025-12-08 21:49:31] ✓ Insertada orden: 0002365
[2025-12-08 21:49:31] ✓ Insertada orden: 0002366
[2025-12-08 21:49:31] ✓ Insertada orden: 0002367
[2025-12-08 21:49:31] ✓ Insertada orden: 0002368
[2025-12-08 21:49:31] ✓ Insertada orden: 0002369
[2025-12-08 21:49:31] ✓ Insertada orden: 0002370
[2025-12-08 21:49:31] ✓ Insertada orden: 0002371
[2025-12-08 21:49:31] ✓ Insertada orden: 0002372
[2025-12-08 21:49:31] ✓ Insertada orden: 0002373
[2025-12-08 21:49:31] ✓ Insertada orden: 0002374
[2025-12-08 21:49:31] ✓ Insertada orden: 0002375
[2025-12-08 21:49:31] ✓ Insertada orden: 0002376
[2025-12-08 21:49:31] ✓ Insertada orden: 0002377
[2025-12-08 21:49:31] ✓ Insertada orden: 0002378
[2025-12-08 21:49:31] ✓ Insertada orden: 0002379
[2025-12-08 21:49:31] ✓ Insertada orden: 0002380
[2025-12-08 21:49:31] ✓ Insertada orden: 0002381
[2025-12-08 21:49:31] ✓ Insertada orden: 0002382
[2025-12-08 21:49:31] ✓ Insertada orden: 0002383
[2025-12-08 21:49:31] ✓ Insertada orden: 0002384
[2025-12-08 21:49:31] ✓ Insertada orden: 0002385
[2025-12-08 21:49:31] ✓ Insertada orden: 0002386
[2025-12-08 21:49:31] ✓ Insertada orden: 0002387
[2025-12-08 21:49:31] ✓ Insertada orden: 0002388
[2025-12-08 21:49:31] ✓ Insertada orden: 0002389
[2025-12-08 21:49:31] ✓ Insertada orden: 0002390
[2025-12-08 21:49:31] ✓ Insertada orden: 0002391
[2025-12-08 21:49:31] ✓ Insertada orden: 0002392
[2025-12-08 21:49:31] ✓ Insertada orden: 0002393
[2025-12-08 21:49:31] ✓ Insertada orden: 0002394
[2025-12-08 21:49:31] ✓ Insertada orden: 0002395
[2025-12-08 21:49:31] ✓ Insertada orden: 0002396
[2025-12-08 21:49:31] ✓ Insertada orden: 0002397
[2025-12-08 21:49:31] ✓ Insertada orden: 0002398
[2025-12-08 21:49:31] ✓ Insertada orden: 0002399
[2025-12-08 21:49:31] ✓ Insertada orden: 0002400
[2025-12-08 21:49:31] ✓ Insertada orden: 0002401
[2025-12-08 21:49:31] ✓ Insertada orden: 0002402
[2025-12-08 21:49:31] ✓ Insertada orden: 0002403
[2025-12-08 21:49:31] ✓ Insertada orden: 0002404
[2025-12-08 21:49:31] ✓ Insertada orden: 0002405
[2025-12-08 21:49:31] ✓ Insertada orden: 0002406
[2025-12-08 21:49:31] ✓ Insertada orden: 0002407
[2025-12-08 21:49:31] ✓ Insertada orden: 0002408
[2025-12-08 21:49:31] ✓ Insertada orden: 0002409
[2025-12-08 21:49:31] ✓ Insertada orden: 0002410
[2025-12-08 21:49:31] ✓ Insertada orden: 0002411
[2025-12-08 21:49:31] ✓ Insertada orden: 0002412
[2025-12-08 21:49:31] ✓ Insertada orden: 0002413
[2025-12-08 21:49:31] ✓ Insertada orden: 0002414
[2025-12-08 21:49:31] ✓ Insertada orden: 0002415
[2025-12-08 21:49:31] ✓ Insertada orden: 0002416
[2025-12-08 21:49:31] ✓ Insertada orden: 0002417
[2025-12-08 21:49:31] ✓ Insertada orden: 0002418
[2025-12-08 21:49:31] ✓ Insertada orden: 0002419
[2025-12-08 21:49:31] ✓ Insertada orden: 0002420
[2025-12-08 21:49:31] ✓ Insertada orden: 0002421
[2025-12-08 21:49:31] ✓ Insertada orden: 0002423
[2025-12-08 21:49:31] ✓ Insertada orden: 0002424
[2025-12-08 21:49:31] ✓ Insertada orden: 0002425
[2025-12-08 21:49:31] ✓ Insertada orden: 0002426
[2025-12-08 21:49:31] ✓ Insertada orden: 0002427
[2025-12-08 21:49:31] ✓ Insertada orden: 0002428
[2025-12-08 21:49:31] ✓ Insertada orden: 0002429
[2025-12-08 21:49:31] ✓ Insertada orden: 0002430
[2025-12-08 21:49:31] ✓ Insertada orden: 0002431
[2025-12-08 21:49:31] ✓ Insertada orden: 0002432
[2025-12-08 21:49:31] ✓ Insertada orden: 0002433
[2025-12-08 21:49:31] ✓ Insertada orden: 0002434
[2025-12-08 21:49:31] ✓ Insertada orden: 0002435
[2025-12-08 21:49:31] ✓ Insertada orden: 0002436
[2025-12-08 21:49:31] ✓ Insertada orden: 0002437
[2025-12-08 21:49:31] ✓ Insertada orden: 0002438
[2025-12-08 21:49:31] ✓ Insertada orden: 0002439
[2025-12-08 21:49:31] ✓ Insertada orden: 0002440
[2025-12-08 21:49:31] ✓ Insertada orden: 0002441
[2025-12-08 21:49:31] ✓ Insertada orden: 0002442
[2025-12-08 21:49:31] ✓ Insertada orden: 0002443
[2025-12-08 21:49:31] ✓ Insertada orden: 0002444
[2025-12-08 21:49:31] ✓ Insertada orden: 0002445
[2025-12-08 21:49:31] ✓ Insertada orden: 0002446
[2025-12-08 21:49:31] ✓ Insertada orden: 0002447
[2025-12-08 21:49:31] ✓ Insertada orden: 0002448
[2025-12-08 21:49:31] ✓ Insertada orden: 0002449
[2025-12-08 21:49:31] ✓ Insertada orden: 0002450
[2025-12-08 21:49:31] ✓ Insertada orden: 0002451
[2025-12-08 21:49:31] ✓ Insertada orden: 0002452
[2025-12-08 21:49:31] ✓ Insertada orden: 0002453
[2025-12-08 21:49:31] ✓ Insertada orden: 0002454
[2025-12-08 21:49:31] ✓ Insertada orden: 0002455
[2025-12-08 21:49:31] ✓ Insertada orden: 0002456
[2025-12-08 21:49:31] ✓ Insertada orden: 0002457
[2025-12-08 21:49:31] ✓ Insertada orden: 0002458
[2025-12-08 21:49:31] ✓ Insertada orden: 0002459
[2025-12-08 21:49:31] ✓ Insertada orden: 0002460
[2025-12-08 21:49:31] ✓ Insertada orden: 0002461
[2025-12-08 21:49:31] ✓ Insertada orden: 0002462
[2025-12-08 21:49:31] ✓ Insertada orden: 0002463
[2025-12-08 21:49:31] ✓ Insertada orden: 0002464
[2025-12-08 21:49:31] ✓ Insertada orden: 0002465
[2025-12-08 21:49:31] ✓ Insertada orden: 0002466
[2025-12-08 21:49:31] ✓ Insertada orden: 0002467
[2025-12-08 21:49:31] ✓ Insertada orden: 0002468
[2025-12-08 21:49:31] ✓ Insertada orden: 0002469
[2025-12-08 21:49:31] ✓ Insertada orden: 0002470
[2025-12-08 21:49:31] ✓ Insertada orden: 0002471
[2025-12-08 21:49:31] ✓ Insertada orden: 0002472
[2025-12-08 21:49:31] ✓ Insertada orden: 0002473
[2025-12-08 21:49:31] ✓ Insertada orden: 0002474
[2025-12-08 21:49:31] ✓ Insertada orden: 0002475
[2025-12-08 21:49:31] ✓ Insertada orden: 0002476
[2025-12-08 21:49:31] ✓ Insertada orden: 0002477
[2025-12-08 21:49:31] ✓ Insertada orden: 0002478
[2025-12-08 21:49:31] ✓ Insertada orden: 0002479
[2025-12-08 21:49:31] ✓ Insertada orden: 0002480
[2025-12-08 21:49:31] ✓ Insertada orden: 0002481
[2025-12-08 21:49:31] ✓ Insertada orden: 0002482
[2025-12-08 21:49:31] ✓ Insertada orden: 0002483
[2025-12-08 21:49:31] ✓ Insertada orden: 0002484
[2025-12-08 21:49:31] ✓ Insertada orden: 0002485
[2025-12-08 21:49:31] ✓ Insertada orden: 0002486
[2025-12-08 21:49:31] ✓ Insertada orden: 0002487
[2025-12-08 21:49:31] ✓ Insertada orden: 0002488
[2025-12-08 21:49:31] ✓ Insertada orden: 0002489
[2025-12-08 21:49:31] ✓ Insertada orden: 0002490
[2025-12-08 21:49:31] ✓ Insertada orden: 0002491
[2025-12-08 21:49:31] ✓ Insertada orden: 0002492
[2025-12-08 21:49:31] ✓ Insertada orden: 0002493
[2025-12-08 21:49:31] ✓ Insertada orden: 0002494
[2025-12-08 21:49:31] ✓ Insertada orden: 0002495
[2025-12-08 21:49:31] ✓ Insertada orden: 0002496
[2025-12-08 21:49:31] ✓ Insertada orden: 0002497
[2025-12-08 21:49:31] ✓ Insertada orden: 0002498
[2025-12-08 21:49:31] ✓ Insertada orden: 0002499
[2025-12-08 21:49:31] ✓ Insertada orden: 0002500
[2025-12-08 21:49:31] ✓ Insertada orden: 0002501
[2025-12-08 21:49:31] ✓ Insertada orden: 0002502
[2025-12-08 21:49:31] ✓ Insertada orden: 0002503
[2025-12-08 21:49:31] ✓ Insertada orden: 0002504
[2025-12-08 21:49:31] ✓ Insertada orden: 0002505
[2025-12-08 21:49:31] ✓ Insertada orden: 0002506
[2025-12-08 21:49:31] ✓ Insertada orden: 0002507
[2025-12-08 21:49:31] ✓ Insertada orden: 0002508
[2025-12-08 21:49:31] ✓ Insertada orden: 0002509
[2025-12-08 21:49:31] ✓ Insertada orden: 0002510
[2025-12-08 21:49:31] ✓ Insertada orden: 0002511
[2025-12-08 21:49:31] ✓ Insertada orden: 0002512
[2025-12-08 21:49:31] ✓ Insertada orden: 0002513
[2025-12-08 21:49:31] ✓ Insertada orden: 0002514
[2025-12-08 21:49:31] ✓ Insertada orden: 0002515
[2025-12-08 21:49:31] ✓ Insertada orden: 0002516
[2025-12-08 21:49:31] ✓ Insertada orden: 0002517
[2025-12-08 21:49:31] ✓ Insertada orden: 0002518
[2025-12-08 21:49:31] ✓ Insertada orden: 0002519
[2025-12-08 21:49:31] ✓ Insertada orden: 0002520
[2025-12-08 21:49:31] ✓ Insertada orden: 0002521
[2025-12-08 21:49:31] ✓ Insertada orden: 0002522
[2025-12-08 21:49:31] ✓ Insertada orden: 0002523
[2025-12-08 21:49:31] ✓ Insertada orden: 0002524
[2025-12-08 21:49:31] ✓ Insertada orden: 0002525
[2025-12-08 21:49:31] ✓ Insertada orden: 0002526
[2025-12-08 21:49:31] ✓ Insertada orden: 0002527
[2025-12-08 21:49:31] ✓ Insertada orden: 0002528
[2025-12-08 21:49:31] ✓ Insertada orden: 0002529
[2025-12-08 21:49:31] ✓ Insertada orden: 0002530
[2025-12-08 21:49:31] ✓ Insertada orden: 0002531
[2025-12-08 21:49:31] ✓ Insertada orden: 0002532
[2025-12-08 21:49:31] ✓ Insertada orden: 0002533
[2025-12-08 21:49:31] ✓ Insertada orden: 0002534
[2025-12-08 21:49:31] ✓ Insertada orden: 0002535
[2025-12-08 21:49:31] ✓ Insertada orden: 0002536
[2025-12-08 21:49:31] ✓ Insertada orden: 0002537
[2025-12-08 21:49:31] ✓ Insertada orden: 0002538
[2025-12-08 21:49:31] ✓ Insertada orden: 0002539
[2025-12-08 21:49:31] ✓ Insertada orden: 0002540
[2025-12-08 21:49:31] ✓ Insertada orden: 0002541
[2025-12-08 21:49:31] ✓ Insertada orden: 0002542
[2025-12-08 21:49:31] ✓ Insertada orden: 0002543
[2025-12-08 21:49:31] ✓ Insertada orden: 0002544
[2025-12-08 21:49:31] ✓ Insertada orden: 0002545
[2025-12-08 21:49:31] ✓ Insertada orden: 0002546
[2025-12-08 21:49:31] ✓ Insertada orden: 0002547
[2025-12-08 21:49:31] ✓ Insertada orden: 0002548
[2025-12-08 21:49:31] ✓ Insertada orden: 0002549
[2025-12-08 21:49:31] ✓ Insertada orden: 0002550
[2025-12-08 21:49:31] ✓ Insertada orden: 0002551
[2025-12-08 21:49:31] ✓ Insertada orden: 0002552
[2025-12-08 21:49:31] ✓ Insertada orden: 0002553
[2025-12-08 21:49:31] ✓ Insertada orden: 0002554
[2025-12-08 21:49:31] ✓ Insertada orden: 0002555
[2025-12-08 21:49:31] ✓ Insertada orden: 0002556
[2025-12-08 21:49:31] ✓ Insertada orden: 0002557
[2025-12-08 21:49:31] ✓ Insertada orden: 0002558
[2025-12-08 21:49:31] ✓ Insertada orden: 0002559
[2025-12-08 21:49:31] ✓ Insertada orden: 0002560
[2025-12-08 21:49:31] ✓ Insertada orden: 0002561
[2025-12-08 21:49:31] ✓ Insertada orden: 0002562
[2025-12-08 21:49:31] ✓ Insertada orden: 0002563
[2025-12-08 21:49:31] ✓ Insertada orden: 0002564
[2025-12-08 21:49:31] ✓ Insertada orden: 0002565
[2025-12-08 21:49:31] ✓ Insertada orden: 0002566
[2025-12-08 21:49:31] ✓ Insertada orden: 0002567
[2025-12-08 21:49:31] ✓ Insertada orden: 0002568
[2025-12-08 21:49:31] ✓ Insertada orden: 0002569
[2025-12-08 21:49:31] ✓ Insertada orden: 0002570
[2025-12-08 21:49:31] ✓ Insertada orden: 0002571
[2025-12-08 21:49:31] ✓ Insertada orden: 0002572
[2025-12-08 21:49:31] ✓ Insertada orden: 0002573
[2025-12-08 21:49:31] ✓ Insertada orden: 0002574
[2025-12-08 21:49:31] ✓ Insertada orden: 0002575
[2025-12-08 21:49:31] ✓ Insertada orden: 0002576
[2025-12-08 21:49:31] ✓ Insertada orden: 0002577
[2025-12-08 21:49:31] ✓ Insertada orden: 0002578
[2025-12-08 21:49:31] ✓ Insertada orden: 0002579
[2025-12-08 21:49:31] ✓ Insertada orden: 0002580
[2025-12-08 21:49:31] ✓ Insertada orden: 0002581
[2025-12-08 21:49:31] ✓ Insertada orden: 0002582
[2025-12-08 21:49:31] ✓ Insertada orden: 0002583
[2025-12-08 21:49:31] ✓ Insertada orden: 0002584
[2025-12-08 21:49:31] ✓ Insertada orden: 0002585
[2025-12-08 21:49:31] ✓ Insertada orden: 0002586
[2025-12-08 21:49:31] ✓ Insertada orden: 0002587
[2025-12-08 21:49:31] ✓ Insertada orden: 0002588
[2025-12-08 21:49:31] ✓ Insertada orden: 0002589
[2025-12-08 21:49:31] ✓ Insertada orden: 0002591
[2025-12-08 21:49:31] ✓ Insertada orden: 0002592
[2025-12-08 21:49:31] ✓ Insertada orden: 0002593
[2025-12-08 21:49:31] ✓ Insertada orden: 0002594
[2025-12-08 21:49:31] ✓ Insertada orden: 0002595
[2025-12-08 21:49:31] ✓ Insertada orden: 0002596
[2025-12-08 21:49:31] ✓ Insertada orden: 0002597
[2025-12-08 21:49:31] ✓ Insertada orden: 0002598
[2025-12-08 21:49:31] ✓ Insertada orden: 0002599
[2025-12-08 21:49:31] ✓ Insertada orden: 0002600
[2025-12-08 21:49:31] ✓ Insertada orden: 0002601
[2025-12-08 21:49:31] ✓ Insertada orden: 0002602
[2025-12-08 21:49:31] ✓ Insertada orden: 0002603
[2025-12-08 21:49:31] ✓ Insertada orden: 0002604
[2025-12-08 21:49:31] ✓ Insertada orden: 0002605
[2025-12-08 21:49:31] ✓ Insertada orden: 0002606
[2025-12-08 21:49:31] ✓ Insertada orden: 0002607
[2025-12-08 21:49:31] ✓ Insertada orden: 0002608
[2025-12-08 21:49:31] ✓ Insertada orden: 0002609
[2025-12-08 21:49:31] ✓ Insertada orden: 0002610
[2025-12-08 21:49:31] ✓ Insertada orden: 0002611
[2025-12-08 21:49:31] ✓ Insertada orden: 0002612
[2025-12-08 21:49:31] ✓ Insertada orden: 0002613
[2025-12-08 21:49:31] ✓ Insertada orden: 0002614
[2025-12-08 21:49:31] ✓ Insertada orden: 0002615
[2025-12-08 21:49:31] ✓ Insertada orden: 0002616
[2025-12-08 21:49:31] ✓ Insertada orden: 0002617
[2025-12-08 21:49:31] ✓ Insertada orden: 0002618
[2025-12-08 21:49:31] ✓ Insertada orden: 0002619
[2025-12-08 21:49:31] ✓ Insertada orden: 0002620
[2025-12-08 21:49:31] ✓ Insertada orden: 0002621
[2025-12-08 21:49:31] ✓ Insertada orden: 0002622
[2025-12-08 21:49:31] ✓ Insertada orden: 0002623
[2025-12-08 21:49:31] ✓ Insertada orden: 0002624
[2025-12-08 21:49:31] ✓ Insertada orden: 0002625
[2025-12-08 21:49:31] ✓ Insertada orden: 0002626
[2025-12-08 21:49:31] ✓ Insertada orden: 0002627
[2025-12-08 21:49:31] ✓ Insertada orden: 0002628
[2025-12-08 21:49:31] ✓ Insertada orden: 0002629
[2025-12-08 21:49:31] ✓ Insertada orden: 0002630
[2025-12-08 21:49:31] ✓ Insertada orden: 0002631
[2025-12-08 21:49:31] ✓ Insertada orden: 0002632
[2025-12-08 21:49:31] ✓ Insertada orden: 0002633
[2025-12-08 21:49:31] ✓ Insertada orden: 0002634
[2025-12-08 21:49:31] ✓ Insertada orden: 0002635
[2025-12-08 21:49:31] ✓ Insertada orden: 0002636
[2025-12-08 21:49:31] ✓ Insertada orden: 0002637
[2025-12-08 21:49:31] ✓ Insertada orden: 0002638
[2025-12-08 21:49:31] ✓ Insertada orden: 0002639
[2025-12-08 21:49:31] ✓ Insertada orden: 0002640
[2025-12-08 21:49:31] ✓ Insertada orden: 0002641
[2025-12-08 21:49:31] ✓ Insertada orden: 0002642
[2025-12-08 21:49:31] ✓ Insertada orden: 0002643
[2025-12-08 21:49:31] ✓ Insertada orden: 0002644
[2025-12-08 21:49:31] ✓ Insertada orden: 0002645
[2025-12-08 21:49:31] ✓ Insertada orden: 0002646
[2025-12-08 21:49:31] ✓ Insertada orden: 0002647
[2025-12-08 21:49:31] ✓ Insertada orden: 0002648
[2025-12-08 21:49:31] ✓ Insertada orden: 0002649
[2025-12-08 21:49:31] ✓ Insertada orden: 0002650
[2025-12-08 21:49:31] ✓ Insertada orden: 0002651
[2025-12-08 21:49:31] ✓ Insertada orden: 0002652
[2025-12-08 21:49:31] ✓ Insertada orden: 0002653
[2025-12-08 21:49:31] ✓ Insertada orden: 0002654
[2025-12-08 21:49:31] ✓ Insertada orden: 0002655
[2025-12-08 21:49:31] ✓ Insertada orden: 0002656
[2025-12-08 21:49:31] ✓ Insertada orden: 0002657
[2025-12-08 21:49:31] ✓ Insertada orden: 0002658
[2025-12-08 21:49:31] ✓ Insertada orden: 0002659
[2025-12-08 21:49:31] ✓ Insertada orden: 0002660
[2025-12-08 21:49:31] ✓ Insertada orden: 0002661
[2025-12-08 21:49:31] ✓ Insertada orden: 0002662
[2025-12-08 21:49:31] ✓ Insertada orden: 0002663
[2025-12-08 21:49:31] ✓ Insertada orden: 0002664
[2025-12-08 21:49:31] ✓ Insertada orden: 0002665
[2025-12-08 21:49:31] ✓ Insertada orden: 0002666
[2025-12-08 21:49:31] ✓ Insertada orden: 0002667
[2025-12-08 21:49:31] ✓ Insertada orden: 0002668
[2025-12-08 21:49:31] ✓ Insertada orden: 0002669
[2025-12-08 21:49:31] ✓ Insertada orden: 0002670
[2025-12-08 21:49:31] ✓ Insertada orden: 0002671
[2025-12-08 21:49:31] ✓ Insertada orden: 0002672
[2025-12-08 21:49:31] ✓ Insertada orden: 0002673
[2025-12-08 21:49:31] ✓ Insertada orden: 0002674
[2025-12-08 21:49:31] ✓ Insertada orden: 0002675
[2025-12-08 21:49:31] ✓ Insertada orden: 0002676
[2025-12-08 21:49:31] ✓ Insertada orden: 0002677
[2025-12-08 21:49:31] ✓ Insertada orden: 0002678
[2025-12-08 21:49:31] ✓ Insertada orden: 0002679
[2025-12-08 21:49:31] ✓ Insertada orden: 0002680
[2025-12-08 21:49:31] ✓ Insertada orden: 0002681
[2025-12-08 21:49:31] ✓ Insertada orden: 0002682
[2025-12-08 21:49:31] ✓ Insertada orden: 0002683
[2025-12-08 21:49:31] ✓ Insertada orden: 0002684
[2025-12-08 21:49:31] ✓ Insertada orden: 0002685
[2025-12-08 21:49:31] ✓ Insertada orden: 0002686
[2025-12-08 21:49:31] ✓ Insertada orden: 0002687
[2025-12-08 21:49:31] ✓ Insertada orden: 0002688
[2025-12-08 21:49:31] ✓ Insertada orden: 0002689
[2025-12-08 21:49:31] ✓ Insertada orden: 0002690
[2025-12-08 21:49:31] ✓ Insertada orden: 0002691
[2025-12-08 21:49:31] ✓ Insertada orden: 0002692
[2025-12-08 21:49:31] ✓ Insertada orden: 0002693
[2025-12-08 21:49:31] ✓ Insertada orden: 0002694
[2025-12-08 21:49:31] ✓ Insertada orden: 0002695
[2025-12-08 21:49:31] ✓ Insertada orden: 0002696
[2025-12-08 21:49:31] ✓ Insertada orden: 0002697
[2025-12-08 21:49:31] ✓ Insertada orden: 0002698
[2025-12-08 21:49:31] ✓ Insertada orden: 0002699
[2025-12-08 21:49:31] ✓ Insertada orden: 0002700
[2025-12-08 21:49:31] ✓ Insertada orden: 0002701
[2025-12-08 21:49:31] ✓ Insertada orden: 0002702
[2025-12-08 21:49:31] ✓ Insertada orden: 0002703
[2025-12-08 21:49:31] ✓ Insertada orden: 0002704
[2025-12-08 21:49:31] ✓ Insertada orden: 0002705
[2025-12-08 21:49:31] ✓ Insertada orden: 0002706
[2025-12-08 21:49:31] ✓ Insertada orden: 0002707
[2025-12-08 21:49:31] ✓ Insertada orden: 0002708
[2025-12-08 21:49:31] ✓ Insertada orden: 0002709
[2025-12-08 21:49:31] ✓ Insertada orden: 0002710
[2025-12-08 21:49:31] ✓ Insertada orden: 0002711
[2025-12-08 21:49:31] ✓ Insertada orden: 0002712
[2025-12-08 21:49:31] ✓ Insertada orden: 0002713
[2025-12-08 21:49:31] ✓ Insertada orden: 0002714
[2025-12-08 21:49:31] ✓ Insertada orden: 0002715
[2025-12-08 21:49:31] ✓ Insertada orden: 0002716
[2025-12-08 21:49:31] ✓ Insertada orden: 0002717
[2025-12-08 21:49:31] ✓ Insertada orden: 0002718
[2025-12-08 21:49:31] ✓ Insertada orden: 0002719
[2025-12-08 21:49:31] ✓ Insertada orden: 0002720
[2025-12-08 21:49:31] ✓ Insertada orden: 0002721
[2025-12-08 21:49:31] ✓ Insertada orden: 0002722
[2025-12-08 21:49:31] ✓ Insertada orden: 0002723
[2025-12-08 21:49:31] ✓ Insertada orden: 0002724
[2025-12-08 21:49:31] ✓ Insertada orden: 0002725
[2025-12-08 21:49:31] ✓ Insertada orden: 0002726
[2025-12-08 21:49:31] ✓ Insertada orden: 0002727
[2025-12-08 21:49:31] ✓ Insertada orden: 0002728
[2025-12-08 21:49:31] ✓ Insertada orden: 0002729
[2025-12-08 21:49:31] ✓ Insertada orden: 0002730
[2025-12-08 21:49:31] ✓ Insertada orden: 0002731
[2025-12-08 21:49:31] ✓ Insertada orden: 0002732
[2025-12-08 21:49:31] ✓ Insertada orden: 0002733
[2025-12-08 21:49:31] ✓ Insertada orden: 0002734
[2025-12-08 21:49:31] ✓ Insertada orden: 0002735
[2025-12-08 21:49:31] ✓ Insertada orden: 0002736
[2025-12-08 21:49:31] ✓ Insertada orden: 0002737
[2025-12-08 21:49:31] ✓ Insertada orden: 0002738
[2025-12-08 21:49:31] ✓ Insertada orden: 0002739
[2025-12-08 21:49:31] ✓ Insertada orden: 0002740
[2025-12-08 21:49:31] ✓ Insertada orden: 0002741
[2025-12-08 21:49:31] ✓ Insertada orden: 0002742
[2025-12-08 21:49:31] ✓ Insertada orden: 0002743
[2025-12-08 21:49:31] ✓ Insertada orden: 0002744
[2025-12-08 21:49:31] ✓ Insertada orden: 0002745
[2025-12-08 21:49:31] ✓ Insertada orden: 0002746
[2025-12-08 21:49:31] ✓ Insertada orden: 0002747
[2025-12-08 21:49:31] ✓ Insertada orden: 0002748
[2025-12-08 21:49:31] ✓ Insertada orden: 0002749
[2025-12-08 21:49:31] ✓ Insertada orden: 0002750
[2025-12-08 21:49:31] ✓ Insertada orden: 0002751
[2025-12-08 21:49:31] ✓ Insertada orden: 0002752
[2025-12-08 21:49:31] ✓ Insertada orden: 0002753
[2025-12-08 21:49:31] ✓ Insertada orden: 0002754
[2025-12-08 21:49:31] ✓ Insertada orden: 0002755
[2025-12-08 21:49:31] ✓ Insertada orden: 0002756
[2025-12-08 21:49:31] ✓ Insertada orden: 0002757
[2025-12-08 21:49:31] ✓ Insertada orden: 0002758
[2025-12-08 21:49:31] ✓ Insertada orden: 0002759
[2025-12-08 21:49:31] ✓ Insertada orden: 0002760
[2025-12-08 21:49:31] ✓ Insertada orden: 0002761
[2025-12-08 21:49:31] ✓ Insertada orden: 0002762
[2025-12-08 21:49:31] ✓ Insertada orden: 0002763
[2025-12-08 21:49:31] ✓ Insertada orden: 0002764
[2025-12-08 21:49:31] ✓ Insertada orden: 0002765
[2025-12-08 21:49:31] ✓ Insertada orden: 0002766
[2025-12-08 21:49:31] ✓ Insertada orden: 0002767
[2025-12-08 21:49:31] ✓ Insertada orden: 0002768
[2025-12-08 21:49:31] ✓ Insertada orden: 0002769
[2025-12-08 21:49:31] ✓ Insertada orden: 0002770
[2025-12-08 21:49:31] ✓ Insertada orden: 0002771
[2025-12-08 21:49:31] ✓ Insertada orden: 0002772
[2025-12-08 21:49:31] ✓ Insertada orden: 0002773
[2025-12-08 21:49:31] ✓ Insertada orden: 0002774
[2025-12-08 21:49:31] ✓ Insertada orden: 0002775
[2025-12-08 21:49:31] ✓ Insertada orden: 0002776
[2025-12-08 21:49:31] ✓ Insertada orden: 0002777
[2025-12-08 21:49:31] ✓ Insertada orden: 0002778
[2025-12-08 21:49:31] ✓ Insertada orden: 0002780
[2025-12-08 21:49:31] ✓ Insertada orden: 0002781
[2025-12-08 21:49:31] ✓ Insertada orden: 0002782
[2025-12-08 21:49:31] ✓ Insertada orden: 0002783
[2025-12-08 21:49:31] ✓ Insertada orden: 0002784
[2025-12-08 21:49:31] ✓ Insertada orden: 0002785
[2025-12-08 21:49:31] ✓ Insertada orden: 0002786
[2025-12-08 21:49:31] ✓ Insertada orden: 0002787
[2025-12-08 21:49:31] ✓ Insertada orden: 0002788
[2025-12-08 21:49:31] ✓ Insertada orden: 0002789
[2025-12-08 21:49:31] ✓ Insertada orden: 0002790
[2025-12-08 21:49:31] ✓ Insertada orden: 0002791
[2025-12-08 21:49:31] ✓ Insertada orden: 0002792
[2025-12-08 21:49:31] ✓ Insertada orden: 0002793
[2025-12-08 21:49:31] ✓ Insertada orden: 0002794
[2025-12-08 21:49:31] ✓ Insertada orden: 0002795
[2025-12-08 21:49:31] ✓ Insertada orden: 0002796
[2025-12-08 21:49:31] ✓ Insertada orden: 0002797
[2025-12-08 21:49:31] ✓ Insertada orden: 0002798
[2025-12-08 21:49:31] ✓ Insertada orden: 0002799
[2025-12-08 21:49:31] ✓ Insertada orden: 0002800
[2025-12-08 21:49:31] ✓ Insertada orden: 0002802
[2025-12-08 21:49:31] ✓ Insertada orden: 0002803
[2025-12-08 21:49:31] ✓ Insertada orden: 0002804
[2025-12-08 21:49:31] ✓ Insertada orden: 0002805
[2025-12-08 21:49:31] ✓ Insertada orden: 0002806
[2025-12-08 21:49:31] ✓ Insertada orden: 0002807
[2025-12-08 21:49:31] ✓ Insertada orden: 0002808
[2025-12-08 21:49:31] ✓ Insertada orden: 0002809
[2025-12-08 21:49:31] ✓ Insertada orden: 0002810
[2025-12-08 21:49:31] ✓ Insertada orden: 0002811
[2025-12-08 21:49:31] ✓ Insertada orden: 0002812
[2025-12-08 21:49:31] ✓ Insertada orden: 0002813
[2025-12-08 21:49:31] ✓ Insertada orden: 0002814
[2025-12-08 21:49:31] ✓ Insertada orden: 0002815
[2025-12-08 21:49:31] ✓ Insertada orden: 0002816
[2025-12-08 21:49:31] ✓ Insertada orden: 0002817
[2025-12-08 21:49:31] ✓ Insertada orden: 0002818
[2025-12-08 21:49:31] ✓ Insertada orden: 0002819
[2025-12-08 21:49:31] ✓ Insertada orden: 0002820
[2025-12-08 21:49:31] ✓ Insertada orden: 0002821
[2025-12-08 21:49:31] ✓ Insertada orden: 0002822
[2025-12-08 21:49:31] ✓ Insertada orden: 0002823
[2025-12-08 21:49:31] ✓ Insertada orden: 0002824
[2025-12-08 21:49:31] ✓ Insertada orden: 0002825
[2025-12-08 21:49:31] ✓ Insertada orden: 0002826
[2025-12-08 21:49:31] ✓ Insertada orden: 0002827
[2025-12-08 21:49:31] ✓ Insertada orden: 0002828
[2025-12-08 21:49:31] ✓ Insertada orden: 0002829
[2025-12-08 21:49:31] ✓ Insertada orden: 0002830
[2025-12-08 21:49:31] ✓ Insertada orden: 0002831
[2025-12-08 21:49:31] ✓ Insertada orden: 0002832
[2025-12-08 21:49:31] ✓ Insertada orden: 0002833
[2025-12-08 21:49:31] ✓ Insertada orden: 0002834
[2025-12-08 21:49:31] ✓ Insertada orden: 0002835
[2025-12-08 21:49:31] ✓ Insertada orden: 0002836
[2025-12-08 21:49:31] ✓ Insertada orden: 0002837
[2025-12-08 21:49:31] ✓ Insertada orden: 0002838
[2025-12-08 21:49:31] ✓ Insertada orden: 0002839
[2025-12-08 21:49:31] ✓ Insertada orden: 0002840
[2025-12-08 21:49:31] ✓ Insertada orden: 0002841
[2025-12-08 21:49:31] ✓ Insertada orden: 0002842
[2025-12-08 21:49:31] ✓ Insertada orden: 0002843
[2025-12-08 21:49:31] ✓ Insertada orden: 0002844
[2025-12-08 21:49:31] ✓ Insertada orden: 0002845
[2025-12-08 21:49:31] ✓ Insertada orden: 0002846
[2025-12-08 21:49:31] ✓ Insertada orden: 0002847
[2025-12-08 21:49:31] ✓ Insertada orden: 0002848
[2025-12-08 21:49:31] ✓ Insertada orden: 0002849
[2025-12-08 21:49:31] ✓ Insertada orden: 0002850
[2025-12-08 21:49:31] ✓ Insertada orden: 0002851
[2025-12-08 21:49:31] ✓ Insertada orden: 0002852
[2025-12-08 21:49:31] ✓ Insertada orden: 0002853
[2025-12-08 21:49:31] ✓ Insertada orden: 0002854
[2025-12-08 21:49:31] ✓ Insertada orden: 0002855
[2025-12-08 21:49:31] ✓ Insertada orden: 0002856
[2025-12-08 21:49:31] ✓ Insertada orden: 0002857
[2025-12-08 21:49:31] ✓ Insertada orden: 0002858
[2025-12-08 21:49:31] ✓ Insertada orden: 0002859
[2025-12-08 21:49:31] ✓ Insertada orden: 0002860
[2025-12-08 21:49:31] ✓ Insertada orden: 0002861
[2025-12-08 21:49:31] ✓ Insertada orden: 0002862
[2025-12-08 21:49:31] ✓ Insertada orden: 0002863
[2025-12-08 21:49:31] ✓ Insertada orden: 0002864
[2025-12-08 21:49:31] ✓ Insertada orden: 0002865
[2025-12-08 21:49:31] ✓ Insertada orden: 0002866
[2025-12-08 21:49:31] ✓ Insertada orden: 0002867
[2025-12-08 21:49:31] ✓ Insertada orden: 0002868
[2025-12-08 21:49:31] ✓ Insertada orden: 0002869
[2025-12-08 21:49:31] ✓ Insertada orden: 0002870
[2025-12-08 21:49:31] ✓ Insertada orden: 0002871
[2025-12-08 21:49:31] ✓ Insertada orden: 0002872
[2025-12-08 21:49:31] ✓ Insertada orden: 0002873
[2025-12-08 21:49:31] ✓ Insertada orden: 0002874
[2025-12-08 21:49:31] ✓ Insertada orden: 0002875
[2025-12-08 21:49:31] ✓ Insertada orden: 0002876
[2025-12-08 21:49:31] ✓ Insertada orden: 0002877
[2025-12-08 21:49:31] ✓ Insertada orden: 0002878
[2025-12-08 21:49:31] ✓ Insertada orden: 0002879
[2025-12-08 21:49:31] ✓ Insertada orden: 0002880
[2025-12-08 21:49:31] ✓ Insertada orden: 0002881
[2025-12-08 21:49:31] ✓ Insertada orden: 0002882
[2025-12-08 21:49:31] ✓ Insertada orden: 0002883
[2025-12-08 21:49:31] ✓ Insertada orden: 0002884
[2025-12-08 21:49:31] ✓ Insertada orden: 0002885
[2025-12-08 21:49:31] ✓ Insertada orden: 0002886
[2025-12-08 21:49:31] ✓ Insertada orden: 0002887
[2025-12-08 21:49:31] ✓ Insertada orden: 0002888
[2025-12-08 21:49:31] ✓ Insertada orden: 0002889
[2025-12-08 21:49:31] ✓ Insertada orden: 0002890
[2025-12-08 21:49:31] ✓ Insertada orden: 0002891
[2025-12-08 21:49:31] ✓ Insertada orden: 0002892
[2025-12-08 21:49:31] ✓ Insertada orden: 0002893
[2025-12-08 21:49:31] ✓ Insertada orden: 0002894
[2025-12-08 21:49:31] ✓ Insertada orden: 0002895
[2025-12-08 21:49:31] ✓ Insertada orden: 0002896
[2025-12-08 21:49:31] ✓ Insertada orden: 0002897
[2025-12-08 21:49:31] ✓ Insertada orden: 0002898
[2025-12-08 21:49:31] ✓ Insertada orden: 0002899
[2025-12-08 21:49:31] ✓ Insertada orden: 0002900
[2025-12-08 21:49:31] ✓ Insertada orden: 0002901
[2025-12-08 21:49:31] ✓ Insertada orden: 0002902
[2025-12-08 21:49:31] ✓ Insertada orden: 0002903
[2025-12-08 21:49:31] ✓ Insertada orden: 0002904
[2025-12-08 21:49:31] ✓ Insertada orden: 0002905
[2025-12-08 21:49:31] ✓ Insertada orden: 0002906
[2025-12-08 21:49:31] ✓ Insertada orden: 0002907
[2025-12-08 21:49:31] ✓ Insertada orden: 0002908
[2025-12-08 21:49:31] ✓ Insertada orden: 0002909
[2025-12-08 21:49:31] ✓ Insertada orden: 0002910
[2025-12-08 21:49:31] ✓ Insertada orden: 0002911
[2025-12-08 21:49:31] ✓ Insertada orden: 0002912
[2025-12-08 21:49:31] ✓ Insertada orden: 0002913
[2025-12-08 21:49:31] ✓ Insertada orden: 0002914
[2025-12-08 21:49:31] ✓ Insertada orden: 0002915
[2025-12-08 21:49:31] ✓ Insertada orden: 0002916
[2025-12-08 21:49:31] ✓ Insertada orden: 0002917
[2025-12-08 21:49:31] ✓ Insertada orden: 0002918
[2025-12-08 21:49:31] ✓ Insertada orden: 0002919
[2025-12-08 21:49:31] ✓ Insertada orden: 0002920
[2025-12-08 21:49:31] ✓ Insertada orden: 0002921
[2025-12-08 21:49:31] ✓ Insertada orden: 0002922
[2025-12-08 21:49:31] ✓ Insertada orden: 0002923
[2025-12-08 21:49:31] ✓ Insertada orden: 0002924
[2025-12-08 21:49:31] ✓ Insertada orden: 0002925
[2025-12-08 21:49:31] ✓ Insertada orden: 0002926
[2025-12-08 21:49:31] ✓ Insertada orden: 0002927
[2025-12-08 21:49:31] ✓ Insertada orden: 0002928
[2025-12-08 21:49:31] ✓ Insertada orden: 0002929
[2025-12-08 21:49:31] ✓ Insertada orden: 0002930
[2025-12-08 21:49:31] ✓ Insertada orden: 0002931
[2025-12-08 21:49:31] ✓ Insertada orden: 0002932
[2025-12-08 21:49:31] ✓ Insertada orden: 0002933
[2025-12-08 21:49:31] ✓ Insertada orden: 0002934
[2025-12-08 21:49:31] ✓ Insertada orden: 0002935
[2025-12-08 21:49:31] ✓ Insertada orden: 0002936
[2025-12-08 21:49:31] ✓ Insertada orden: 0002937
[2025-12-08 21:49:31] ✓ Insertada orden: 0002938
[2025-12-08 21:49:31] ✓ Insertada orden: 0002939
[2025-12-08 21:49:31] ✓ Insertada orden: 0002940
[2025-12-08 21:49:31] ✓ Insertada orden: 0002941
[2025-12-08 21:49:31] ✓ Insertada orden: 0002942
[2025-12-08 21:49:31] ✓ Insertada orden: 0002943
[2025-12-08 21:49:31] ✓ Insertada orden: 0002944
[2025-12-08 21:49:31] ✓ Insertada orden: 0002945
[2025-12-08 21:49:31] ✓ Insertada orden: 0002946
[2025-12-08 21:49:31] ✓ Insertada orden: 0002947
[2025-12-08 21:49:31] ✓ Insertada orden: 0002948
[2025-12-08 21:49:31] ✓ Insertada orden: 0002949
[2025-12-08 21:49:31] ✓ Insertada orden: 0002950
[2025-12-08 21:49:31] ✓ Insertada orden: 0002951
[2025-12-08 21:49:31] ✓ Insertada orden: 0002952
[2025-12-08 21:49:31] ✓ Insertada orden: 0002953
[2025-12-08 21:49:31] ✓ Insertada orden: 0002954
[2025-12-08 21:49:31] ✓ Insertada orden: 0002955
[2025-12-08 21:49:31] ✓ Insertada orden: 0002956
[2025-12-08 21:49:31] ✓ Insertada orden: 0002957
[2025-12-08 21:49:31] ✓ Insertada orden: 0002958
[2025-12-08 21:49:31] ✓ Insertada orden: 0002959
[2025-12-08 21:49:31] ✓ Insertada orden: 0002960
[2025-12-08 21:49:31] ✓ Insertada orden: 0002961
[2025-12-08 21:49:31] ✓ Insertada orden: 0002962
[2025-12-08 21:49:31] ✓ Insertada orden: 0002963
[2025-12-08 21:49:31] ✓ Insertada orden: 0002964
[2025-12-08 21:49:31] ✓ Insertada orden: 0002965
[2025-12-08 21:49:31] ✓ Insertada orden: 0002966
[2025-12-08 21:49:31] ✓ Insertada orden: 0002967
[2025-12-08 21:49:31] ✓ Insertada orden: 0002968
[2025-12-08 21:49:31] ✓ Insertada orden: 0002969
[2025-12-08 21:49:31] ✓ Insertada orden: 0002970
[2025-12-08 21:49:31] ✓ Insertada orden: 0002971
[2025-12-08 21:49:31] ✓ Insertada orden: 0002972
[2025-12-08 21:49:31] ✓ Insertada orden: 0002973
[2025-12-08 21:49:31] ✓ Insertada orden: 0002974
[2025-12-08 21:49:31] ✓ Insertada orden: 0002975
[2025-12-08 21:49:31] ✓ Insertada orden: 0002976
[2025-12-08 21:49:31] ✓ Insertada orden: 0002977
[2025-12-08 21:49:31] ✓ Insertada orden: 0002978
[2025-12-08 21:49:31] ✓ Insertada orden: 0002979
[2025-12-08 21:49:31] ✓ Insertada orden: 0002980
[2025-12-08 21:49:31] ✓ Insertada orden: 0002981
[2025-12-08 21:49:31] ✓ Insertada orden: 0002982
[2025-12-08 21:49:31] ✓ Insertada orden: 0002983
[2025-12-08 21:49:31] ✓ Insertada orden: 0002984
[2025-12-08 21:49:31] ✓ Insertada orden: 0002985
[2025-12-08 21:49:31] ✓ Insertada orden: 0002986
[2025-12-08 21:49:31] ✓ Insertada orden: 0002987
[2025-12-08 21:49:31] ✓ Insertada orden: 0002988
[2025-12-08 21:49:31] ✓ Insertada orden: 0002989
[2025-12-08 21:49:31] ✓ Insertada orden: 0002990
[2025-12-08 21:49:31] ✓ Insertada orden: 0002991
[2025-12-08 21:49:31] ✓ Insertada orden: 0002992
[2025-12-08 21:49:31] ✓ Insertada orden: 0002993
[2025-12-08 21:49:31] ✓ Insertada orden: 0002994
[2025-12-08 21:49:31] ✓ Insertada orden: 0002995
[2025-12-08 21:49:31] ✓ Insertada orden: 0002996
[2025-12-08 21:49:31] ✓ Insertada orden: 0002997
[2025-12-08 21:49:31] ✓ Insertada orden: 0002998
[2025-12-08 21:49:31] ✓ Insertada orden: 0002999
[2025-12-08 21:49:31] ✓ Insertada orden: 0003000
[2025-12-08 21:49:31] ✓ Insertada orden: 0003001
[2025-12-08 21:49:31] ✓ Insertada orden: 0003002
[2025-12-08 21:49:31] ✓ Insertada orden: 0003003
[2025-12-08 21:49:31] ✓ Insertada orden: 0003004
[2025-12-08 21:49:31] ✓ Insertada orden: 0003005
[2025-12-08 21:49:31] ✓ Insertada orden: 0003006
[2025-12-08 21:49:31] ✓ Insertada orden: 0003007
[2025-12-08 21:49:31] ✓ Insertada orden: 0003008
[2025-12-08 21:49:31] ✓ Insertada orden: 0003009
[2025-12-08 21:49:31] ✓ Insertada orden: 0003010
[2025-12-08 21:49:31] ✓ Insertada orden: 0003011
[2025-12-08 21:49:31] ✓ Insertada orden: 0003012
[2025-12-08 21:49:31] ✓ Insertada orden: 0003013
[2025-12-08 21:49:31] ✓ Insertada orden: 0003014
[2025-12-08 21:49:31] ✓ Insertada orden: 0003015
[2025-12-08 21:49:31] ✓ Insertada orden: 0003016
[2025-12-08 21:49:31] ✓ Insertada orden: 0003017
[2025-12-08 21:49:31] ✓ Insertada orden: 0003018
[2025-12-08 21:49:31] ✓ Insertada orden: 0003019
[2025-12-08 21:49:31] ✓ Insertada orden: 0003020
[2025-12-08 21:49:31] ✓ Insertada orden: 0003021
[2025-12-08 21:49:31] ✓ Insertada orden: 0003022
[2025-12-08 21:49:31] ✓ Insertada orden: 0003023
[2025-12-08 21:49:31] ✓ Insertada orden: 0003024
[2025-12-08 21:49:31] ✓ Insertada orden: 0003025
[2025-12-08 21:49:31] ✓ Insertada orden: 0003026
[2025-12-08 21:49:31] ✓ Insertada orden: 0003027
[2025-12-08 21:49:31] ✓ Insertada orden: 0003028
[2025-12-08 21:49:31] ✓ Insertada orden: 0003029
[2025-12-08 21:49:31] ✓ Insertada orden: 0003030
[2025-12-08 21:49:31] ✓ Insertada orden: 0003031
[2025-12-08 21:49:31] ✓ Insertada orden: 0003032
[2025-12-08 21:49:31] ✓ Insertada orden: 0003033
[2025-12-08 21:49:31] ✓ Insertada orden: 0003034
[2025-12-08 21:49:31] ✓ Insertada orden: 0003035
[2025-12-08 21:49:31] ✓ Insertada orden: 0003036
[2025-12-08 21:49:31] ✓ Insertada orden: 0003037
[2025-12-08 21:49:31] ✓ Insertada orden: 0003038
[2025-12-08 21:49:31] ✓ Insertada orden: 0003039
[2025-12-08 21:49:31] ✓ Insertada orden: 0003040
[2025-12-08 21:49:31] ✓ Insertada orden: 0003041
[2025-12-08 21:49:31] ✓ Insertada orden: 0003042
[2025-12-08 21:49:31] ✓ Insertada orden: 0003043
[2025-12-08 21:49:31] ✓ Insertada orden: 0003044
[2025-12-08 21:49:31] ✓ Insertada orden: 0003045
[2025-12-08 21:49:31] ✓ Insertada orden: 0003046
[2025-12-08 21:49:31] ✓ Insertada orden: 0003047
[2025-12-08 21:49:31] ✓ Insertada orden: 0003048
[2025-12-08 21:49:31] ✓ Insertada orden: 0003050
[2025-12-08 21:49:31] ✓ Insertada orden: 0003051
[2025-12-08 21:49:31] ✓ Insertada orden: 0003052
[2025-12-08 21:49:31] ✓ Insertada orden: 0003053
[2025-12-08 21:49:31] ✓ Insertada orden: 0003054
[2025-12-08 21:49:31] ✓ Insertada orden: 0003055
[2025-12-08 21:49:31] ✓ Insertada orden: 0003056
[2025-12-08 21:49:31] ✓ Insertada orden: 0003057
[2025-12-08 21:49:31] ✓ Insertada orden: 0003058
[2025-12-08 21:49:31] ✓ Insertada orden: 0003059
[2025-12-08 21:49:31] ✓ Insertada orden: 0003060
[2025-12-08 21:49:31] ✓ Insertada orden: 0003061
[2025-12-08 21:49:31] ✓ Insertada orden: 0003062
[2025-12-08 21:49:31] ✓ Insertada orden: 0003063
[2025-12-08 21:49:31] ✓ Insertada orden: 0003064
[2025-12-08 21:49:31] ✓ Insertada orden: 0003065
[2025-12-08 21:49:31] ✓ Insertada orden: 0003066
[2025-12-08 21:49:31] ✓ Insertada orden: 0003067
[2025-12-08 21:49:31] ✓ Insertada orden: 0003068
[2025-12-08 21:49:31] ✓ Insertada orden: 0003069
[2025-12-08 21:49:31] ✓ Insertada orden: 0003070
[2025-12-08 21:49:31] ✓ Insertada orden: 0003071
[2025-12-08 21:49:31] ✓ Insertada orden: 0003072
[2025-12-08 21:49:31] ✓ Insertada orden: 0003073
[2025-12-08 21:49:31] ✓ Insertada orden: 0003074
[2025-12-08 21:49:31] ✓ Insertada orden: 0003075
[2025-12-08 21:49:31] ✓ Insertada orden: 0003076
[2025-12-08 21:49:31] ✓ Insertada orden: 0003077
[2025-12-08 21:49:31] ✓ Insertada orden: 0003078
[2025-12-08 21:49:31] ✓ Insertada orden: 0003079
[2025-12-08 21:49:31] ✓ Insertada orden: 0003080
[2025-12-08 21:49:31] ✓ Insertada orden: 0003081
[2025-12-08 21:49:31] ✓ Insertada orden: 0003082
[2025-12-08 21:49:31] ✓ Insertada orden: 0003083
[2025-12-08 21:49:31] ✓ Insertada orden: 0003084
[2025-12-08 21:49:31] ✓ Insertada orden: 0003085
[2025-12-08 21:49:31] ✓ Insertada orden: 0003086
[2025-12-08 21:49:31] ✓ Insertada orden: 0003087
[2025-12-08 21:49:31] ✓ Insertada orden: 0003088
[2025-12-08 21:49:31] ✓ Insertada orden: 0003089
[2025-12-08 21:49:31] ✓ Insertada orden: 0003090
[2025-12-08 21:49:31] ✓ Insertada orden: 0003091
[2025-12-08 21:49:31] ✓ Insertada orden: 0003092
[2025-12-08 21:49:31] ✓ Insertada orden: 0003093
[2025-12-08 21:49:31] ✓ Insertada orden: 0003094
[2025-12-08 21:49:31] ✓ Insertada orden: 0003095
[2025-12-08 21:49:31] ✓ Insertada orden: 0003096
[2025-12-08 21:49:31] ✓ Insertada orden: 0003097
[2025-12-08 21:49:31] ✓ Insertada orden: 0003098
[2025-12-08 21:49:31] ✓ Insertada orden: 0003099
[2025-12-08 21:49:31] ✓ Insertada orden: 0003100
[2025-12-08 21:49:31] ✓ Insertada orden: 0003101
[2025-12-08 21:49:31] ✓ Insertada orden: 0003102
[2025-12-08 21:49:31] ✓ Insertada orden: 0003103
[2025-12-08 21:49:31] ✓ Insertada orden: 0003104
[2025-12-08 21:49:31] ✓ Insertada orden: 0003105
[2025-12-08 21:49:31] ✓ Insertada orden: 0003106
[2025-12-08 21:49:31] ✓ Insertada orden: 0003107
[2025-12-08 21:49:31] ✓ Insertada orden: 0003108
[2025-12-08 21:49:31] ✓ Insertada orden: 0003109
[2025-12-08 21:49:31] ✓ Insertada orden: 0003110
[2025-12-08 21:49:31] ✓ Insertada orden: 0003111
[2025-12-08 21:49:31] ✓ Insertada orden: 0003112
[2025-12-08 21:49:31] ✓ Insertada orden: 0003113
[2025-12-08 21:49:31] ✓ Insertada orden: 0003114
[2025-12-08 21:49:31] ✓ Insertada orden: 0003115
[2025-12-08 21:49:31] ✓ Insertada orden: 0003116
[2025-12-08 21:49:31] ✓ Insertada orden: 0003117
[2025-12-08 21:49:31] ✓ Insertada orden: 0003118
[2025-12-08 21:49:31] ✓ Insertada orden: 0003119
[2025-12-08 21:49:31] ✓ Insertada orden: 0003120
[2025-12-08 21:49:31] ✓ Insertada orden: 0003121
[2025-12-08 21:49:31] ✓ Insertada orden: 0003122
[2025-12-08 21:49:31] ✓ Insertada orden: 0003123
[2025-12-08 21:49:31] ✓ Insertada orden: 0003124
[2025-12-08 21:49:31] ✓ Insertada orden: 0003125
[2025-12-08 21:49:31] ✓ Insertada orden: 0003126
[2025-12-08 21:49:31] ✓ Insertada orden: 0003127
[2025-12-08 21:49:31] ✓ Insertada orden: 0003128
[2025-12-08 21:49:31] ✓ Insertada orden: 0003129
[2025-12-08 21:49:31] ✓ Insertada orden: 0003130
[2025-12-08 21:49:31] ✓ Insertada orden: 0003131
[2025-12-08 21:49:31] ✓ Insertada orden: 0003132
[2025-12-08 21:49:31] ✓ Insertada orden: 0003133
[2025-12-08 21:49:31] ✓ Insertada orden: 0003134
[2025-12-08 21:49:31] ✓ Insertada orden: 0003135
[2025-12-08 21:49:31] ✓ Insertada orden: 0003136
[2025-12-08 21:49:31] ✓ Insertada orden: 0003137
[2025-12-08 21:49:31] ✓ Insertada orden: 0003138
[2025-12-08 21:49:31] ✓ Insertada orden: 0003139
[2025-12-08 21:49:31] ✓ Insertada orden: 0003140
[2025-12-08 21:49:31] ✓ Insertada orden: 0003141
[2025-12-08 21:49:31] ✓ Insertada orden: 0003142
[2025-12-08 21:49:31] ✓ Insertada orden: 0003143
[2025-12-08 21:49:31] ✓ Insertada orden: 0003144
[2025-12-08 21:49:31] ✓ Insertada orden: 0003145
[2025-12-08 21:49:31] ✓ Insertada orden: 0003146
[2025-12-08 21:49:31] ✓ Insertada orden: 0003147
[2025-12-08 21:49:31] ✓ Insertada orden: 0003148
[2025-12-08 21:49:31] ✓ Insertada orden: 0003149
[2025-12-08 21:49:31] ✓ Insertada orden: 0003150
[2025-12-08 21:49:31] ✓ Insertada orden: 0003151
[2025-12-08 21:49:31] ✓ Insertada orden: 0003152
[2025-12-08 21:49:31] ✓ Insertada orden: 0003153
[2025-12-08 21:49:31] ✓ Insertada orden: 0003154
[2025-12-08 21:49:31] ✓ Insertada orden: 0003155
[2025-12-08 21:49:31] ✓ Insertada orden: 0003156
[2025-12-08 21:49:31] ✓ Insertada orden: 0003157
[2025-12-08 21:49:31] ✓ Insertada orden: 0003158
[2025-12-08 21:49:31] ✓ Insertada orden: 0003159
[2025-12-08 21:49:31] ✓ Insertada orden: 0003160
[2025-12-08 21:49:31] ✓ Insertada orden: 0003161
[2025-12-08 21:49:31] ✓ Insertada orden: 0003162
[2025-12-08 21:49:31] ✓ Insertada orden: 0003163
[2025-12-08 21:49:31] ✓ Insertada orden: 0003164
[2025-12-08 21:49:31] ✓ Insertada orden: 0003165
[2025-12-08 21:49:31] ✓ Insertada orden: 0003166
[2025-12-08 21:49:31] ✓ Insertada orden: 0003167
[2025-12-08 21:49:31] ✓ Insertada orden: 0003168
[2025-12-08 21:49:31] ✓ Insertada orden: 0003169
[2025-12-08 21:49:31] ✓ Insertada orden: 0003170
[2025-12-08 21:49:31] ✓ Insertada orden: 0003171
[2025-12-08 21:49:31] ✓ Insertada orden: 0003172
[2025-12-08 21:49:31] ✓ Insertada orden: 0003173
[2025-12-08 21:49:31] ✓ Insertada orden: 0003174
[2025-12-08 21:49:31] ✓ Insertada orden: 0003175
[2025-12-08 21:49:31] ✓ Insertada orden: 0003176
[2025-12-08 21:49:31] ✓ Insertada orden: 0003177
[2025-12-08 21:49:31] ✓ Insertada orden: 0003178
[2025-12-08 21:49:31] ✓ Insertada orden: 0003179
[2025-12-08 21:49:31] ✓ Insertada orden: 0003180
[2025-12-08 21:49:31] ✓ Insertada orden: 0003181
[2025-12-08 21:49:31] ✓ Insertada orden: 0003182
[2025-12-08 21:49:31] ✓ Insertada orden: 0003183
[2025-12-08 21:49:31] ✓ Insertada orden: 0003184
[2025-12-08 21:49:31] ✓ Insertada orden: 0003185
[2025-12-08 21:49:31] ✓ Insertada orden: 0003186
[2025-12-08 21:49:31] ✓ Insertada orden: 0003187
[2025-12-08 21:49:31] ✓ Insertada orden: 0003188
[2025-12-08 21:49:31] ✓ Insertada orden: 0003189
[2025-12-08 21:49:31] ✓ Insertada orden: 0003190
[2025-12-08 21:49:31] ✓ Insertada orden: 0003191
[2025-12-08 21:49:31] ✓ Insertada orden: 0003192
[2025-12-08 21:49:31] ✓ Insertada orden: 0003193
[2025-12-08 21:49:31] ✓ Insertada orden: 0003194
[2025-12-08 21:49:31] ✓ Insertada orden: 0003195
[2025-12-08 21:49:31] ✓ Insertada orden: 0003196
[2025-12-08 21:49:31] ✓ Insertada orden: 0003197
[2025-12-08 21:49:31] ✓ Insertada orden: 0003198
[2025-12-08 21:49:31] ✓ Insertada orden: 0003199
[2025-12-08 21:49:31] ✓ Insertada orden: 0003200
[2025-12-08 21:49:31] ✓ Insertada orden: 0003201
[2025-12-08 21:49:31] ✓ Insertada orden: 0003202
[2025-12-08 21:49:31] ✓ Insertada orden: 0003203
[2025-12-08 21:49:31] ✓ Insertada orden: 0003204
[2025-12-08 21:49:31] ✓ Insertada orden: 0003205
[2025-12-08 21:49:31] ✓ Insertada orden: 0003206
[2025-12-08 21:49:31] ✓ Insertada orden: 0003207
[2025-12-08 21:49:31] ✓ Insertada orden: 0003208
[2025-12-08 21:49:31] ✓ Insertada orden: 0003209
[2025-12-08 21:49:31] ✓ Insertada orden: 0003210
[2025-12-08 21:49:31] ✓ Insertada orden: 0003211
[2025-12-08 21:49:31] ✓ Insertada orden: 0003212
[2025-12-08 21:49:31] ✓ Insertada orden: 0003213
[2025-12-08 21:49:31] ✓ Insertada orden: 0003214
[2025-12-08 21:49:31] ✓ Insertada orden: 0003215
[2025-12-08 21:49:31] ✓ Insertada orden: 0003216
[2025-12-08 21:49:31] ✓ Insertada orden: 0003217
[2025-12-08 21:49:31] ✓ Insertada orden: 0003218
[2025-12-08 21:49:31] ✓ Insertada orden: 0003219
[2025-12-08 21:49:31] ✓ Insertada orden: 0003220
[2025-12-08 21:49:31] ✓ Insertada orden: 0003221
[2025-12-08 21:49:31] ✓ Insertada orden: 0003222
[2025-12-08 21:49:31] ✓ Insertada orden: 0003223
[2025-12-08 21:49:31] ✓ Insertada orden: 0003224
[2025-12-08 21:49:31] ✓ Insertada orden: 0003225
[2025-12-08 21:49:31] ✓ Insertada orden: 0003226
[2025-12-08 21:49:31] ✓ Insertada orden: 0003227
[2025-12-08 21:49:31] ✓ Insertada orden: 0003228
[2025-12-08 21:49:31] ✓ Insertada orden: 0003229
[2025-12-08 21:49:31] ✓ Insertada orden: 0003230
[2025-12-08 21:49:31] ✓ Insertada orden: 0003231
[2025-12-08 21:49:31] ✓ Insertada orden: 0003232
[2025-12-08 21:49:31] ✓ Insertada orden: 0003233
[2025-12-08 21:49:31] ✓ Insertada orden: 0003234
[2025-12-08 21:49:31] ✓ Insertada orden: 0003235
[2025-12-08 21:49:31] ✓ Insertada orden: 0003236
[2025-12-08 21:49:31] ✓ Insertada orden: 0003237
[2025-12-08 21:49:31] ✓ Insertada orden: 0003238
[2025-12-08 21:49:31] ✓ Insertada orden: 0003239
[2025-12-08 21:49:31] ✓ Insertada orden: 0003240
[2025-12-08 21:49:31] ✓ Insertada orden: 0003241
[2025-12-08 21:49:31] ✓ Insertada orden: 0003242
[2025-12-08 21:49:31] ✓ Insertada orden: 0003243
[2025-12-08 21:49:31] ✓ Insertada orden: 0003244
[2025-12-08 21:49:31] ✓ Insertada orden: 0003245
[2025-12-08 21:49:31] ✓ Insertada orden: 0003246
[2025-12-08 21:49:31] ✓ Insertada orden: 0003247
[2025-12-08 21:49:31] ✓ Insertada orden: 0003248
[2025-12-08 21:49:31] ✓ Insertada orden: 0003249
[2025-12-08 21:49:31] ✓ Insertada orden: 0003250
[2025-12-08 21:49:31] ✓ Insertada orden: 0003251
[2025-12-08 21:49:31] ✓ Insertada orden: 0003252
[2025-12-08 21:49:31] ✓ Insertada orden: 0003253
[2025-12-08 21:49:31] ✓ Insertada orden: 0003254
[2025-12-08 21:49:31] ✓ Insertada orden: 0003255
[2025-12-08 21:49:31] ✓ Insertada orden: 0003256
[2025-12-08 21:49:31] ✓ Insertada orden: 0003257
[2025-12-08 21:49:31] ✓ Insertada orden: 0003258
[2025-12-08 21:49:31] ✓ Insertada orden: 0003259
[2025-12-08 21:49:31] ✓ Insertada orden: 0003260
[2025-12-08 21:49:31] ✓ Insertada orden: 0003261
[2025-12-08 21:49:31] ✓ Insertada orden: 0003263
[2025-12-08 21:49:31] ✓ Insertada orden: 0003264
[2025-12-08 21:49:31] ✓ Insertada orden: 0003265
[2025-12-08 21:49:31] ✓ Insertada orden: 0003266
[2025-12-08 21:49:31] ✓ Insertada orden: 0003267
[2025-12-08 21:49:31] ✓ Insertada orden: 0003268
[2025-12-08 21:49:31] ✓ Insertada orden: 0003269
[2025-12-08 21:49:31] ✓ Insertada orden: 0003271
[2025-12-08 21:49:31] ✓ Insertada orden: 0003272
[2025-12-08 21:49:31] ✓ Insertada orden: 0003273
[2025-12-08 21:49:31] ✓ Insertada orden: 0003274
[2025-12-08 21:49:31] ✓ Insertada orden: 0003275
[2025-12-08 21:49:31] ✓ Insertada orden: 0003276
[2025-12-08 21:49:31] ✓ Insertada orden: 0003277
[2025-12-08 21:49:31] ✓ Insertada orden: 0003278
[2025-12-08 21:49:31] ✓ Insertada orden: 0003279
[2025-12-08 21:49:31] ✓ Insertada orden: 0003280
[2025-12-08 21:49:31] ✓ Insertada orden: 0003281
[2025-12-08 21:49:31] ✓ Insertada orden: 0003282
[2025-12-08 21:49:31] ✓ Insertada orden: 0003283
[2025-12-08 21:49:31] ✓ Insertada orden: 0003284
[2025-12-08 21:49:31] ✓ Insertada orden: 0003285
[2025-12-08 21:49:31] ✓ Insertada orden: 0003286
[2025-12-08 21:49:31] ✓ Insertada orden: 0003287
[2025-12-08 21:49:31] ✓ Insertada orden: 0003288
[2025-12-08 21:49:31] ✓ Insertada orden: 0003289
[2025-12-08 21:49:31] ✓ Insertada orden: 0003290
[2025-12-08 21:49:31] ✓ Insertada orden: 0003291
[2025-12-08 21:49:31] ✓ Insertada orden: 0003292
[2025-12-08 21:49:31] ✓ Insertada orden: 0003293
[2025-12-08 21:49:31] ✓ Insertada orden: 0003294
[2025-12-08 21:49:31] ✓ Insertada orden: 0003295
[2025-12-08 21:49:31] ✓ Insertada orden: 0003296
[2025-12-08 21:49:31] ✓ Insertada orden: 0003297
[2025-12-08 21:49:31] ✓ Insertada orden: 0003298
[2025-12-08 21:49:31] ✓ Insertada orden: 0003299
[2025-12-08 21:49:31] ✓ Insertada orden: 0003300
[2025-12-08 21:49:31] ✓ Insertada orden: 0003301
[2025-12-08 21:49:31] ✓ Insertada orden: 0003302
[2025-12-08 21:49:31] ✓ Insertada orden: 0003303
[2025-12-08 21:49:31] ✓ Insertada orden: 0003304
[2025-12-08 21:49:31] ✓ Insertada orden: 0003305
[2025-12-08 21:49:31] ✓ Insertada orden: 0003306
[2025-12-08 21:49:31] ✓ Insertada orden: 0003307
[2025-12-08 21:49:31] ✓ Insertada orden: 0003308
[2025-12-08 21:49:31] ✓ Insertada orden: 0003309
[2025-12-08 21:49:31] ✓ Insertada orden: 0003310
[2025-12-08 21:49:31] ✓ Insertada orden: 0003311
[2025-12-08 21:49:31] ✓ Insertada orden: 0003312
[2025-12-08 21:49:31] ✓ Insertada orden: 0003313
[2025-12-08 21:49:31] ✓ Insertada orden: 0003314
[2025-12-08 21:49:31] ✓ Insertada orden: 0003315
[2025-12-08 21:49:31] ✓ Insertada orden: 0003316
[2025-12-08 21:49:31] ✓ Insertada orden: 0003317
[2025-12-08 21:49:31] ✓ Insertada orden: 0003318
[2025-12-08 21:49:31] ✓ Insertada orden: 0003319
[2025-12-08 21:49:31] ✓ Insertada orden: 0003320
[2025-12-08 21:49:31] ✓ Insertada orden: 0003321
[2025-12-08 21:49:31] ✓ Insertada orden: 0003322
[2025-12-08 21:49:31] ✓ Insertada orden: 0003323
[2025-12-08 21:49:31] ✓ Insertada orden: 0003324
[2025-12-08 21:49:31] ✓ Insertada orden: 0003325
[2025-12-08 21:49:31] ✓ Insertada orden: 0003326
[2025-12-08 21:49:31] ✓ Insertada orden: 0003327
[2025-12-08 21:49:31] ✓ Insertada orden: 0003328
[2025-12-08 21:49:31] ✓ Insertada orden: 0003329
[2025-12-08 21:49:31] ✓ Insertada orden: 0003330
[2025-12-08 21:49:31] ✓ Insertada orden: 0003331
[2025-12-08 21:49:31] ✓ Insertada orden: 0003332
[2025-12-08 21:49:31] ✓ Insertada orden: 0003333
[2025-12-08 21:49:31] ✓ Insertada orden: 0003334
[2025-12-08 21:49:31] ✓ Insertada orden: 0003335
[2025-12-08 21:49:31] ✓ Insertada orden: 0003336
[2025-12-08 21:49:31] ✓ Insertada orden: 0003337
[2025-12-08 21:49:31] ✓ Insertada orden: 0003338
[2025-12-08 21:49:31] ✓ Insertada orden: 0003339
[2025-12-08 21:49:31] ✓ Insertada orden: 0003340
[2025-12-08 21:49:31] ✓ Insertada orden: 0003341
[2025-12-08 21:49:31] ✓ Insertada orden: 0003342
[2025-12-08 21:49:31] ✓ Insertada orden: 0003343
[2025-12-08 21:49:31] ✓ Insertada orden: 0003344
[2025-12-08 21:49:31] ✓ Insertada orden: 0003345
[2025-12-08 21:49:31] ✓ Insertada orden: 0003346
[2025-12-08 21:49:31] ✓ Insertada orden: 0003347
[2025-12-08 21:49:31] ✓ Insertada orden: 0003348
[2025-12-08 21:49:31] ✓ Insertada orden: 0003349
[2025-12-08 21:49:31] ✓ Insertada orden: 0003350
[2025-12-08 21:49:31] ✓ Insertada orden: 0003351
[2025-12-08 21:49:31] ✓ Insertada orden: 0003352
[2025-12-08 21:49:31] ✓ Insertada orden: 0003353
[2025-12-08 21:49:31] ✓ Insertada orden: 0003354
[2025-12-08 21:49:31] ✓ Insertada orden: 0003355
[2025-12-08 21:49:31] ✓ Insertada orden: 0003356
[2025-12-08 21:49:31] ✓ Insertada orden: 0003358
[2025-12-08 21:49:31] ✓ Insertada orden: 0003359
[2025-12-08 21:49:31] ✓ Insertada orden: 0003360
[2025-12-08 21:49:31] ✓ Insertada orden: 0003361
[2025-12-08 21:49:31] ✓ Insertada orden: 0003362
[2025-12-08 21:49:31] ✓ Insertada orden: 0003363
[2025-12-08 21:49:31] ✓ Insertada orden: 0003364
[2025-12-08 21:49:31] ✓ Insertada orden: 0003365
[2025-12-08 21:49:31] ✓ Insertada orden: 0003366
[2025-12-08 21:49:31] ✓ Insertada orden: 0003367
[2025-12-08 21:49:31] ✓ Insertada orden: 0003368
[2025-12-08 21:49:31] ✓ Insertada orden: 0003369
[2025-12-08 21:49:31] ✓ Insertada orden: 0003370
[2025-12-08 21:49:31] ✓ Insertada orden: 0003371
[2025-12-08 21:49:31] ✓ Insertada orden: 0003372
[2025-12-08 21:49:31] ✓ Insertada orden: 0003373
[2025-12-08 21:49:31] ✓ Insertada orden: 0003374
[2025-12-08 21:49:31] ✓ Insertada orden: 0003375
[2025-12-08 21:49:31] ✓ Insertada orden: 0003376
[2025-12-08 21:49:31] ✓ Insertada orden: 0003377
[2025-12-08 21:49:31] ✓ Insertada orden: 0003378
[2025-12-08 21:49:31] ✓ Insertada orden: 0003379
[2025-12-08 21:49:31] ✓ Insertada orden: 0003380
[2025-12-08 21:49:31] ✓ Insertada orden: 0003381
[2025-12-08 21:49:31] ✓ Insertada orden: 0003382
[2025-12-08 21:49:31] ✓ Insertada orden: 0003383
[2025-12-08 21:49:31] ✓ Insertada orden: 0003384
[2025-12-08 21:49:31] ✓ Insertada orden: 0003385
[2025-12-08 21:49:31] ✓ Insertada orden: 0003386
[2025-12-08 21:49:31] ✓ Insertada orden: 0003387
[2025-12-08 21:49:31] ✓ Insertada orden: 0003388
[2025-12-08 21:49:31] ✓ Insertada orden: 0003389
[2025-12-08 21:49:31] ✓ Insertada orden: 0003390
[2025-12-08 21:49:31] ✓ Insertada orden: 0003391
[2025-12-08 21:49:31] ✓ Insertada orden: 0003392
[2025-12-08 21:49:31] ✓ Insertada orden: 0003393
[2025-12-08 21:49:31] ✓ Insertada orden: 0003394
[2025-12-08 21:49:31] ✓ Insertada orden: 0003395
[2025-12-08 21:49:31] ✓ Insertada orden: 0003396
[2025-12-08 21:49:31] ✓ Insertada orden: 0003397
[2025-12-08 21:49:31] ✓ Insertada orden: 0003398
[2025-12-08 21:49:31] ✓ Insertada orden: 0003399
[2025-12-08 21:49:31] ✓ Insertada orden: 0003400
[2025-12-08 21:49:31] ✓ Insertada orden: 0003401
[2025-12-08 21:49:31] ✓ Insertada orden: 0003402
[2025-12-08 21:49:31] ✓ Insertada orden: 0003403
[2025-12-08 21:49:31] ✓ Insertada orden: 0003404
[2025-12-08 21:49:31] ✓ Insertada orden: 0003405
[2025-12-08 21:49:31] ✓ Insertada orden: 0003406
[2025-12-08 21:49:31] ✓ Insertada orden: 0003407
[2025-12-08 21:49:31] ✓ Insertada orden: 0003408
[2025-12-08 21:49:31] ✓ Insertada orden: 0003409
[2025-12-08 21:49:31] ✓ Insertada orden: 0003410
[2025-12-08 21:49:31] ✓ Insertada orden: 0003412
[2025-12-08 21:49:31] ✓ Insertada orden: 0003413
[2025-12-08 21:49:31] ✓ Insertada orden: 0003414
[2025-12-08 21:49:31] ✓ Insertada orden: 0003415
[2025-12-08 21:49:31] ✓ Insertada orden: 0003416
[2025-12-08 21:49:31] ✓ Insertada orden: 0003417
[2025-12-08 21:49:31] ✓ Insertada orden: 0003418
[2025-12-08 21:49:31] ✓ Insertada orden: 0003419
[2025-12-08 21:49:31] ✓ Insertada orden: 0003420
[2025-12-08 21:49:31] ✓ Insertada orden: 0003421
[2025-12-08 21:49:31] ✓ Insertada orden: 0003422
[2025-12-08 21:49:31] ✓ Insertada orden: 0003423
[2025-12-08 21:49:31] ✓ Insertada orden: 0003424
[2025-12-08 21:49:31] ✓ Insertada orden: 0003425
[2025-12-08 21:49:31] ✓ Insertada orden: 0003426
[2025-12-08 21:49:31] ✓ Insertada orden: 0003427
[2025-12-08 21:49:31] ✓ Insertada orden: 0003428
[2025-12-08 21:49:31] ✓ Insertada orden: 0003429
[2025-12-08 21:49:31] ✓ Insertada orden: 0003430
[2025-12-08 21:49:31] ✓ Insertada orden: 0003431
[2025-12-08 21:49:31] ✓ Insertada orden: 0003432
[2025-12-08 21:49:31] ✓ Insertada orden: 0003433
[2025-12-08 21:49:31] ✓ Insertada orden: 0003434
[2025-12-08 21:49:31] ✓ Insertada orden: 0003435
[2025-12-08 21:49:31] ✓ Insertada orden: 0003436
[2025-12-08 21:49:31] ✓ Insertada orden: 0003437
[2025-12-08 21:49:31] ✓ Insertada orden: 0003438
[2025-12-08 21:49:31] ✓ Insertada orden: 0003439
[2025-12-08 21:49:31] ✓ Insertada orden: 0003440
[2025-12-08 21:49:31] ✓ Insertada orden: 0003441
[2025-12-08 21:49:31] ✓ Insertada orden: 0003442
[2025-12-08 21:49:31] ✓ Insertada orden: 0003443
[2025-12-08 21:49:31] ✓ Insertada orden: 0003444
[2025-12-08 21:49:31] ✓ Insertada orden: 0003445
[2025-12-08 21:49:31] ✓ Insertada orden: 0003446
[2025-12-08 21:49:31] ✓ Insertada orden: 0003447
[2025-12-08 21:49:31] ✓ Insertada orden: 0003448
[2025-12-08 21:49:31] ✓ Insertada orden: 0003449
[2025-12-08 21:49:31] ✓ Insertada orden: 0003450
[2025-12-08 21:49:31] ✓ Insertada orden: 0003451
[2025-12-08 21:49:31] ✓ Insertada orden: 0003452
[2025-12-08 21:49:31] ✓ Insertada orden: 0003453
[2025-12-08 21:49:31] ✓ Insertada orden: 0003454
[2025-12-08 21:49:31] ✓ Insertada orden: 0003455
[2025-12-08 21:49:31] ✓ Insertada orden: 0003456
[2025-12-08 21:49:31] ✓ Insertada orden: 0003457
[2025-12-08 21:49:31] ✓ Insertada orden: 0003458
[2025-12-08 21:49:31] ✓ Insertada orden: 0003459
[2025-12-08 21:49:31] ✓ Insertada orden: 0003461
[2025-12-08 21:49:31] ✓ Insertada orden: 0003462
[2025-12-08 21:49:31] ✓ Insertada orden: 0003463
[2025-12-08 21:49:31] ✓ Insertada orden: 0003464
[2025-12-08 21:49:31] ✓ Insertada orden: 0003465
[2025-12-08 21:49:31] ✓ Insertada orden: 0003466
[2025-12-08 21:49:31] ✓ Insertada orden: 0003467
[2025-12-08 21:49:31] ✓ Insertada orden: 0003468
[2025-12-08 21:49:31] ✓ Insertada orden: 0003469
[2025-12-08 21:49:31] ✓ Insertada orden: 0003470
[2025-12-08 21:49:31] ✓ Insertada orden: 0003471
[2025-12-08 21:49:31] ✓ Insertada orden: 0003472
[2025-12-08 21:49:31] ✓ Insertada orden: 0003473
[2025-12-08 21:49:31] ✓ Insertada orden: 0003474
[2025-12-08 21:49:31] ✓ Insertada orden: 0003475
[2025-12-08 21:49:31] ✓ Insertada orden: 0003476
[2025-12-08 21:49:31] ✓ Insertada orden: 0003477
[2025-12-08 21:49:31] ✓ Insertada orden: 0003478
[2025-12-08 21:49:31] ✓ Insertada orden: 0003479
[2025-12-08 21:49:31] ✓ Insertada orden: 0003480
[2025-12-08 21:49:31] ✓ Insertada orden: 0003481
[2025-12-08 21:49:31] ✓ Insertada orden: 0003482
[2025-12-08 21:49:31] ✓ Insertada orden: 0003483
[2025-12-08 21:49:31] ✓ Insertada orden: 0003484
[2025-12-08 21:49:31] ✓ Insertada orden: 0003485
[2025-12-08 21:49:31] ✓ Insertada orden: 0003486
[2025-12-08 21:49:31] ✓ Insertada orden: 0003487
[2025-12-08 21:49:31] ✓ Insertada orden: 0003488
[2025-12-08 21:49:31] ✓ Insertada orden: 0003489
[2025-12-08 21:49:31] ✓ Insertada orden: 0003490
[2025-12-08 21:49:31] ✓ Insertada orden: 0003491
[2025-12-08 21:49:31] ✓ Insertada orden: 0003492
[2025-12-08 21:49:31] ✓ Insertada orden: 0003493
[2025-12-08 21:49:31] ✓ Insertada orden: 0003494
[2025-12-08 21:49:31] ✓ Insertada orden: 0003495
[2025-12-08 21:49:31] ✓ Insertada orden: 0003497
[2025-12-08 21:49:31] ✓ Insertada orden: 0003498
[2025-12-08 21:49:31] ✓ Insertada orden: 0003499
[2025-12-08 21:49:31] ✓ Insertada orden: 0003500
[2025-12-08 21:49:31] ✓ Insertada orden: 0003501
[2025-12-08 21:49:31] ✓ Insertada orden: 0003502
[2025-12-08 21:49:31] ✓ Insertada orden: 0003503
[2025-12-08 21:49:31] ✓ Insertada orden: 0003504
[2025-12-08 21:49:31] ✓ Insertada orden: 0003505
[2025-12-08 21:49:31] ✓ Insertada orden: 0003506
[2025-12-08 21:49:31] ✓ Insertada orden: 0003507
[2025-12-08 21:49:31] ✓ Insertada orden: 0003508
[2025-12-08 21:49:31] ✓ Insertada orden: 0003509
[2025-12-08 21:49:31] ✓ Insertada orden: 0003510
[2025-12-08 21:49:31] ✓ Insertada orden: 0003511
[2025-12-08 21:49:31] ✓ Insertada orden: 0003512
[2025-12-08 21:49:31] ✓ Insertada orden: 0003513
[2025-12-08 21:49:31] ✓ Insertada orden: 0003514
[2025-12-08 21:49:31] ✓ Insertada orden: 0003515
[2025-12-08 21:49:31] ✓ Insertada orden: 0003516
[2025-12-08 21:49:31] ✓ Insertada orden: 0003517
[2025-12-08 21:49:31] ✓ Insertada orden: 0003518
[2025-12-08 21:49:31] ✓ Insertada orden: 0003519
[2025-12-08 21:49:31] ✓ Insertada orden: 0003520
[2025-12-08 21:49:31] ✓ Insertada orden: 0003521
[2025-12-08 21:49:31] ✓ Insertada orden: 0003522
[2025-12-08 21:49:31] ✓ Insertada orden: 0003523
[2025-12-08 21:49:31] ✓ Insertada orden: 0003524
[2025-12-08 21:49:31] ✓ Insertada orden: 0003525
[2025-12-08 21:49:31] ✓ Insertada orden: 0003526
[2025-12-08 21:49:31] ✓ Insertada orden: 0003527
[2025-12-08 21:49:31] ✓ Insertada orden: 0003528
[2025-12-08 21:49:31] ✓ Insertada orden: 0003529
[2025-12-08 21:49:31] ✓ Insertada orden: 0003530
[2025-12-08 21:49:31] ✓ Insertada orden: 0003531
[2025-12-08 21:49:31] ✓ Insertada orden: 0003532
[2025-12-08 21:49:31] ✓ Insertada orden: 0003533
[2025-12-08 21:49:31] ✓ Insertada orden: 0003534
[2025-12-08 21:49:31] ✓ Insertada orden: 0003535
[2025-12-08 21:49:31] ✓ Insertada orden: 0003536
[2025-12-08 21:49:31] ✓ Insertada orden: 0003537
[2025-12-08 21:49:31] ✓ Insertada orden: 0003538
[2025-12-08 21:49:31] ✓ Insertada orden: 0003539
[2025-12-08 21:49:31] ✓ Insertada orden: 0003540
[2025-12-08 21:49:31] ✓ Insertada orden: 0003541
[2025-12-08 21:49:31] ✓ Insertada orden: 0003542
[2025-12-08 21:49:31] ✓ Insertada orden: 0003543
[2025-12-08 21:49:31] ✓ Insertada orden: 0003544
[2025-12-08 21:49:31] ✓ Insertada orden: 0003545
[2025-12-08 21:49:31] ✓ Insertada orden: 0003546
[2025-12-08 21:49:31] ✓ Insertada orden: 0003547
[2025-12-08 21:49:31] ✓ Insertada orden: 0003548
[2025-12-08 21:49:31] ✓ Insertada orden: 0003549
[2025-12-08 21:49:31] ✓ Insertada orden: 0003551
[2025-12-08 21:49:31] ✓ Insertada orden: 0003552
[2025-12-08 21:49:31] ✓ Insertada orden: 0003553
[2025-12-08 21:49:31] ✓ Insertada orden: 0003554
[2025-12-08 21:49:31] ✓ Insertada orden: 0003555
[2025-12-08 21:49:31] ✓ Insertada orden: 0003556
[2025-12-08 21:49:31] ✓ Insertada orden: 0003557
[2025-12-08 21:49:31] ✓ Insertada orden: 0003558
[2025-12-08 21:49:31] ✓ Insertada orden: 0003559
[2025-12-08 21:49:31] ✓ Insertada orden: 0003560
[2025-12-08 21:49:31] ✓ Insertada orden: 0003561
[2025-12-08 21:49:31] ✓ Insertada orden: 0003562
[2025-12-08 21:49:31] ✓ Insertada orden: 0003563
[2025-12-08 21:49:31] ✓ Insertada orden: 0003564
[2025-12-08 21:49:31] ✓ Insertada orden: 0003565
[2025-12-08 21:49:31] ✓ Insertada orden: 0003566
[2025-12-08 21:49:31] ✓ Insertada orden: 0003567
[2025-12-08 21:49:31] ✓ Insertada orden: 0003568
[2025-12-08 21:49:31] ✓ Insertada orden: 0003569
[2025-12-08 21:49:31] ✓ Insertada orden: 0003570
[2025-12-08 21:49:31] ✓ Insertada orden: 0003571
[2025-12-08 21:49:31] ✓ Insertada orden: 0003572
[2025-12-08 21:49:31] ✓ Insertada orden: 0003573
[2025-12-08 21:49:31] ✓ Insertada orden: 0003574
[2025-12-08 21:49:31] ✓ Insertada orden: 0003575
[2025-12-08 21:49:31] ✓ Insertada orden: 0003576
[2025-12-08 21:49:31] ✓ Insertada orden: 0003577
[2025-12-08 21:49:31] ✓ Insertada orden: 0003578
[2025-12-08 21:49:31] ✓ Insertada orden: 0003579
[2025-12-08 21:49:31] ✓ Insertada orden: 0003580
[2025-12-08 21:49:31] ✓ Insertada orden: 0003581
[2025-12-08 21:49:31] ✓ Insertada orden: 0003582
[2025-12-08 21:49:31] ✓ Insertada orden: 0003583
[2025-12-08 21:49:31] ✓ Insertada orden: 0003584
[2025-12-08 21:49:31] ✓ Insertada orden: 0003585
[2025-12-08 21:49:31] ✓ Insertada orden: 0003586
[2025-12-08 21:49:31] ✓ Insertada orden: 0003587
[2025-12-08 21:49:31] ✓ Insertada orden: 0003588
[2025-12-08 21:49:31] ✓ Insertada orden: 0003589
[2025-12-08 21:49:31] ✓ Insertada orden: 0003590
[2025-12-08 21:49:31] ✓ Insertada orden: 0003591
[2025-12-08 21:49:31] ✓ Insertada orden: 0003592
[2025-12-08 21:49:31] ✓ Insertada orden: 0003593
[2025-12-08 21:49:31] ✓ Insertada orden: 0003594
[2025-12-08 21:49:31] ✓ Insertada orden: 0003595
[2025-12-08 21:49:31] ✓ Insertada orden: 0003596
[2025-12-08 21:49:31] ✓ Insertada orden: 0003597
[2025-12-08 21:49:31] ✓ Insertada orden: 0003598
[2025-12-08 21:49:31] ✓ Insertada orden: 0003599
[2025-12-08 21:49:31] ✓ Insertada orden: 0003600
[2025-12-08 21:49:31] ✓ Insertada orden: 0003601
[2025-12-08 21:49:31] ✓ Insertada orden: 0003602
[2025-12-08 21:49:31] ✓ Insertada orden: 0003603
[2025-12-08 21:49:31] ✓ Insertada orden: 0003604
[2025-12-08 21:49:31] ✓ Insertada orden: 0003605
[2025-12-08 21:49:31] ✓ Insertada orden: 0003606
[2025-12-08 21:49:31] ✓ Insertada orden: 0003607
[2025-12-08 21:49:31] ✓ Insertada orden: 0003608
[2025-12-08 21:49:31] ✓ Insertada orden: 0003609
[2025-12-08 21:49:31] ✓ Insertada orden: 0003610
[2025-12-08 21:49:31] ✓ Insertada orden: 0003611
[2025-12-08 21:49:31] ✓ Insertada orden: 0003612
[2025-12-08 21:49:31] ✓ Insertada orden: 0003616
[2025-12-08 21:49:31] ✓ Insertada orden: 0003617
[2025-12-08 21:49:31] ✓ Insertada orden: 0003629
[2025-12-08 21:49:31] ✓ Insertada orden: 0003630
[2025-12-08 21:49:31] ✓ Insertada orden: 0003635
[2025-12-08 21:49:31] ✓ Insertada orden: 0003639
[2025-12-08 21:49:31] ✓ Insertada orden: 0003640
[2025-12-08 21:49:31] ✓ Insertada orden: 0003641
[2025-12-08 21:49:31] ✓ Insertada orden: 0003642
[2025-12-08 21:49:31] ✓ Insertada orden: 0003645
[2025-12-08 21:49:31] ✓ Insertada orden: 0003653
[2025-12-08 21:49:31] ✓ Insertada orden: 0003655
[2025-12-08 21:49:31] ✓ Insertada orden: 0003663
[2025-12-08 21:49:31] ✓ Insertada orden: 0003671
[2025-12-08 21:49:31] ✓ Insertada orden: 0003677
[2025-12-08 21:49:31] ✓ Insertada orden: 0003678
[2025-12-08 21:49:31] ✓ Insertada orden: 0003684
[2025-12-08 21:49:31] ✓ Insertada orden: 0003699
[2025-12-08 21:49:31] ✓ Insertada orden: 0003720
[2025-12-08 21:49:31] ✓ Insertada orden: 0003736
[2025-12-08 21:49:31] ✓ Insertada orden: 0003741
[2025-12-08 21:49:31] ✓ Insertada orden: 0003746
[2025-12-08 21:49:31] ✓ Insertada orden: 0003748
[2025-12-08 21:49:31] ✓ Insertada orden: 0003755
[2025-12-08 21:49:31] ✓ Insertada orden: 0003761
[2025-12-08 21:49:31] ✓ Insertada orden: 0003763
[2025-12-08 21:49:31] ✓ Insertada orden: 0003774
[2025-12-08 21:49:31] ✓ Insertada orden: 0003775
[2025-12-08 21:49:31] ✓ Insertada orden: 0003789
[2025-12-08 21:49:31] ✓ Insertada orden: 0003794
[2025-12-08 21:49:31] ✓ Insertada orden: 0003797
[2025-12-08 21:49:31] ✓ Insertada orden: 0003798
[2025-12-08 21:49:31] ✓ Insertada orden: 0003799
[2025-12-08 21:49:31] ✓ Insertada orden: 0003800
[2025-12-08 21:49:31] ✓ Insertada orden: 0003811
[2025-12-08 21:49:31] ✓ Insertada orden: 0003821
[2025-12-08 21:49:31] ✓ Insertada orden: 0003822
[2025-12-08 21:49:31] ✓ Insertada orden: 0003823
[2025-12-08 21:49:31] ✓ Insertada orden: 0003824
[2025-12-08 21:49:31] ✓ Insertada orden: 0003825
[2025-12-08 21:49:31] ✓ Insertada orden: 0003826
[2025-12-08 21:49:31] ✓ Insertada orden: 0003832
[2025-12-08 21:49:31] ✓ Insertada orden: 0003833
[2025-12-08 21:49:31] ✓ Insertada orden: 0003834
[2025-12-08 21:49:31] ✓ Insertada orden: 0003836
[2025-12-08 21:49:31] ✓ Insertada orden: 0003837
[2025-12-08 21:49:31] ✓ Insertada orden: 0003838
[2025-12-08 21:49:31] ✓ Insertada orden: 0003839
[2025-12-08 21:49:31] ✓ Insertada orden: 0003840
[2025-12-08 21:49:31] ✓ Insertada orden: 0003841
[2025-12-08 21:49:31] ✓ Insertada orden: 0003842
[2025-12-08 21:49:31] ✓ Insertada orden: 0003843
[2025-12-08 21:49:31] ✓ Insertada orden: 0003845
[2025-12-08 21:49:31] ✓ Insertada orden: 0003848
[2025-12-08 21:49:31] ✓ Insertada orden: 0003849
[2025-12-08 21:49:31] ✓ Insertada orden: 0003854
[2025-12-08 21:49:31] ✓ Insertada orden: 0003855
[2025-12-08 21:49:31] ✓ Insertada orden: 0003856
[2025-12-08 21:49:31] ✓ Insertada orden: 0003857
[2025-12-08 21:49:31] ✓ Insertada orden: 0003858
[2025-12-08 21:49:31] ✓ Insertada orden: 0003862
[2025-12-08 21:49:31] ✓ Insertada orden: 0003863
[2025-12-08 21:49:31] ✓ Insertada orden: 0003864
[2025-12-08 21:49:31] ✓ Insertada orden: 0003866
[2025-12-08 21:49:31] ✓ Insertada orden: 0003868
[2025-12-08 21:49:31] ✓ Insertada orden: 0003869
[2025-12-08 21:49:31] ✓ Insertada orden: 0003870
[2025-12-08 21:49:31] ✓ Insertada orden: 0003872
[2025-12-08 21:49:31] ✓ Insertada orden: 0003873
[2025-12-08 21:49:31] ✓ Insertada orden: 0003874
[2025-12-08 21:49:31] ✓ Insertada orden: 0003875
[2025-12-08 21:49:31] ✓ Insertada orden: 0003876
[2025-12-08 21:49:31] ✓ Insertada orden: 0003877
[2025-12-08 21:49:31] ✓ Insertada orden: 0003879
[2025-12-08 21:49:31] ✓ Insertada orden: 0003880
[2025-12-08 21:49:31] ✓ Insertada orden: 0003881
[2025-12-08 21:49:31] ✓ Insertada orden: 0003882
[2025-12-08 21:49:31] ✓ Insertada orden: 0003883
[2025-12-08 21:49:31] ✓ Insertada orden: 0003884
[2025-12-08 21:49:31] ✓ Insertada orden: 0003885
[2025-12-08 21:49:31] ✓ Insertada orden: 0003887
[2025-12-08 21:49:31] ✓ Insertada orden: 0003888
[2025-12-08 21:49:31] ✓ Insertada orden: 0003889
[2025-12-08 21:49:31] ✓ Insertada orden: 0003890
[2025-12-08 21:49:31] ✓ Insertada orden: 0003891
[2025-12-08 21:49:31] ✓ Insertada orden: 0003892
[2025-12-08 21:49:31] ✓ Insertada orden: 0003893
[2025-12-08 21:49:31] ✓ Insertada orden: 0003894
[2025-12-08 21:49:31] ✓ Insertada orden: 0003895
[2025-12-08 21:49:31] ✓ Insertada orden: 0003896
[2025-12-08 21:49:31] ✓ Insertada orden: 0003897
[2025-12-08 21:49:31] ✓ Insertada orden: 0003898
[2025-12-08 21:49:31] ✓ Insertada orden: 0003899
[2025-12-08 21:49:31] ✓ Insertada orden: 0003903
[2025-12-08 21:49:31] ✓ Insertada orden: 0003904
[2025-12-08 21:49:31] ✓ Insertada orden: 0003905
[2025-12-08 21:49:31] ✓ Insertada orden: 0003908
[2025-12-08 21:49:31] ✓ Insertada orden: 0003910
[2025-12-08 21:49:31] ✓ Insertada orden: 0003912
[2025-12-08 21:49:31] ✓ Insertada orden: 0003914
[2025-12-08 21:49:31] ✓ Insertada orden: 0003918
[2025-12-08 21:49:31] ✓ Insertada orden: 0003919
[2025-12-08 21:49:31] ✓ Insertada orden: 0003920
[2025-12-08 21:49:31] ✓ Insertada orden: 0003921
[2025-12-08 21:49:31] ✓ Insertada orden: 0003924
[2025-12-08 21:49:31] ✓ Insertada orden: 0003928
[2025-12-08 21:49:31] ✓ Insertada orden: 0003929
[2025-12-08 21:49:31] ✓ Insertada orden: 0003930
[2025-12-08 21:49:31] ✓ Insertada orden: 0003931
[2025-12-08 21:49:31] ✓ Insertada orden: 0003932
[2025-12-08 21:49:31] ✓ Insertada orden: 0003933
[2025-12-08 21:49:31] ✓ Insertada orden: 0003934
[2025-12-08 21:49:31] ✓ Insertada orden: 0003935
[2025-12-08 21:49:31] ✓ Insertada orden: 0003936
[2025-12-08 21:49:31] ✓ Insertada orden: 0003937
[2025-12-08 21:49:31] ✓ Insertada orden: 0003938
[2025-12-08 21:49:31] ✓ Insertada orden: 0003939
[2025-12-08 21:49:31] ✓ Insertada orden: 0003947
[2025-12-08 21:49:31] ✓ Insertada orden: 0003948
[2025-12-08 21:49:31] ✓ Insertada orden: 0003949
[2025-12-08 21:49:31] ✓ Insertada orden: 0003955
[2025-12-08 21:49:31] ✓ Insertada orden: 0003958
[2025-12-08 21:49:31] ✓ Insertada orden: 0003962
[2025-12-08 21:49:31] ✓ Insertada orden: 0003963
[2025-12-08 21:49:31] ✓ Insertada orden: 0003964
[2025-12-08 21:49:31] ✓ Insertada orden: 0003965
[2025-12-08 21:49:31] ✓ Insertada orden: 0003966
[2025-12-08 21:49:31] ✓ Insertada orden: 0003967
[2025-12-08 21:49:31] ✓ Insertada orden: 0003968
[2025-12-08 21:49:31] ✓ Insertada orden: 0003969
[2025-12-08 21:49:31] ✓ Insertada orden: 0003970
[2025-12-08 21:49:31] ✓ Insertada orden: 0003976
[2025-12-08 21:49:31] ✓ Insertada orden: 0003985
[2025-12-08 21:49:31] ✓ Insertada orden: 0003986
[2025-12-08 21:49:31] ✓ Insertada orden: 0003988
[2025-12-08 21:49:31] ✓ Insertada orden: 0003989
[2025-12-08 21:49:31] ✓ Insertada orden: 0003992
[2025-12-08 21:49:31] ✓ Insertada orden: 0003995
[2025-12-08 21:49:31] ✓ Insertada orden: 0003998
[2025-12-08 21:49:31] ✓ Insertada orden: 0003999
[2025-12-08 21:49:31] ✓ Insertada orden: 0004000
[2025-12-08 21:49:31] ✓ Insertada orden: 0004001
[2025-12-08 21:49:31] ✓ Insertada orden: 0004002
[2025-12-08 21:49:31] ✓ Insertada orden: 0004004
[2025-12-08 21:49:31] ✓ Insertada orden: 0004005
[2025-12-08 21:49:31] ✓ Insertada orden: 0004007
[2025-12-08 21:49:31] ✓ Insertada orden: 0004013
[2025-12-08 21:49:31] ✓ Insertada orden: 0004015
[2025-12-08 21:49:31] ✓ Insertada orden: 0004018
[2025-12-08 21:49:31] ✓ Insertada orden: 0004019
[2025-12-08 21:49:31] ✓ Insertada orden: 0004020
[2025-12-08 21:49:31] ✓ Insertada orden: 0004023
[2025-12-08 21:49:31] ✓ Insertada orden: 0004024
[2025-12-08 21:49:31] ✓ Insertada orden: 0004025
[2025-12-08 21:49:31] ✓ Insertada orden: 0004026
[2025-12-08 21:49:31] ✓ Insertada orden: 0004027
[2025-12-08 21:49:31] ✓ Insertada orden: 0004028
[2025-12-08 21:49:31] ✓ Insertada orden: 0004029
[2025-12-08 21:49:31] ✓ Insertada orden: 0004031
[2025-12-08 21:49:31] ✓ Insertada orden: 0004032
[2025-12-08 21:49:31] ✓ Insertada orden: 0004034
[2025-12-08 21:49:31] ✓ Insertada orden: 0004036
[2025-12-08 21:49:31] ✓ Insertada orden: 0004038
[2025-12-08 21:49:31] === SINCRONIZACIÓN COMPLETADA ===
[2025-12-08 21:49:31] Órdenes insertadas: 3750
[2025-12-08 21:49:31] Órdenes omitidas (ya existían): 1000
[2025-12-08 21:49:31] Total procesadas: 4750
[2025-12-08 21:59:39] === INICIANDO SINCRONIZACIÓN ===
[2025-12-08 21:59:39] Conexiones establecidas
[2025-12-08 21:59:39] Total órdenes en lycaios_pos.ordenes: 4750
[2025-12-08 21:59:39] Total órdenes en ayuntamiento.ordenes_backup: 4750
[2025-12-08 21:59:39] === SINCRONIZACIÓN COMPLETADA ===
[2025-12-08 21:59:39] Órdenes insertadas: 0
[2025-12-08 21:59:39] Órdenes omitidas (ya existían): 4750
[2025-12-08 21:59:39] Total procesadas: 4750
[2025-12-08 22:04:42] === INICIANDO SINCRONIZACIÓN ===
[2025-12-08 22:04:42] Conexiones establecidas
[2025-12-08 22:04:42] Total órdenes en lycaios_pos.ordenes: 4753
[2025-12-08 22:04:42] Total órdenes en ayuntamiento.ordenes_backup: 4750
[2025-12-08 22:04:42] ✓ Insertada orden: 0006154
[2025-12-08 22:04:42] ✓ Insertada orden: 0006155
[2025-12-08 22:04:42] ✓ Insertada orden: 0006156
[2025-12-08 22:04:42] === SINCRONIZACIÓN COMPLETADA ===
[2025-12-08 22:04:42] Órdenes insertadas: 3
[2025-12-08 22:04:42] Órdenes omitidas (ya existían): 4750
[2025-12-08 22:04:42] Total procesadas: 4753
[2025-12-08 22:09:44] === INICIANDO SINCRONIZACIÓN ===
[2025-12-08 22:09:44] Conexiones establecidas
[2025-12-08 22:09:44] Total órdenes en lycaios_pos.ordenes: 4753
[2025-12-08 22:09:44] Total órdenes en ayuntamiento.ordenes_backup: 4753
[2025-12-08 22:09:44] === SINCRONIZACIÓN COMPLETADA ===
[2025-12-08 22:09:44] Órdenes insertadas: 0
[2025-12-08 22:09:44] Órdenes omitidas (ya existían): 4753
[2025-12-08 22:09:44] Total procesadas: 4753
[2025-12-08 22:14:09] === INICIANDO SINCRONIZACIÓN ===
[2025-12-08 22:14:09] Conexiones establecidas
[2025-12-08 22:14:09] Total órdenes en lycaios_pos.ordenes: 4755
[2025-12-08 22:14:09] Total órdenes en ayuntamiento.ordenes_backup: 4753
[2025-12-08 22:14:09] ✓ Insertada orden: 0006157
[2025-12-08 22:14:09] ✓ Insertada orden: 0006158
[2025-12-08 22:14:09] === SINCRONIZACIÓN COMPLETADA ===
[2025-12-08 22:14:09] Órdenes insertadas: 2
[2025-12-08 22:14:09] Órdenes omitidas (ya existían): 4753
[2025-12-08 22:14:09] Total procesadas: 4755
[2025-12-08 22:15:11] === INICIANDO SINCRONIZACIÓN ===
[2025-12-08 22:15:11] Conexiones establecidas
[2025-12-08 22:15:11] Total órdenes en lycaios_pos.ordenes: 4756
[2025-12-08 22:15:11] Total órdenes en ayuntamiento.ordenes_backup: 4755
[2025-12-08 22:15:11] ✓ Insertada orden: 0006159
[2025-12-08 22:15:11] === SINCRONIZACIÓN COMPLETADA ===
[2025-12-08 22:15:11] Órdenes insertadas: 1
[2025-12-08 22:15:11] Órdenes omitidas (ya existían): 4755
[2025-12-08 22:15:11] Total procesadas: 4756
[2025-12-08 22:16:13] === INICIANDO SINCRONIZACIÓN ===
[2025-12-08 22:16:13] Conexiones establecidas
[2025-12-08 22:16:13] Total órdenes en lycaios_pos.ordenes: 4756
[2025-12-08 22:16:13] Total órdenes en ayuntamiento.ordenes_backup: 4756
[2025-12-08 22:16:13] === SINCRONIZACIÓN COMPLETADA ===
[2025-12-08 22:16:13] Órdenes insertadas: 0
[2025-12-08 22:16:13] Órdenes omitidas (ya existían): 4756
[2025-12-08 22:16:13] Total procesadas: 4756
[2025-12-08 22:17:15] === INICIANDO SINCRONIZACIÓN ===
[2025-12-08 22:17:15] Conexiones establecidas
[2025-12-08 22:17:15] Total órdenes en lycaios_pos.ordenes: 4756
[2025-12-08 22:17:15] Total órdenes en ayuntamiento.ordenes_backup: 4756
[2025-12-08 22:17:15] === SINCRONIZACIÓN COMPLETADA ===
[2025-12-08 22:17:15] Órdenes insertadas: 0
[2025-12-08 22:17:15] Órdenes omitidas (ya existían): 4756
[2025-12-08 22:17:15] Total procesadas: 4756
[2025-12-08 22:18:17] === INICIANDO SINCRONIZACIÓN ===
[2025-12-08 22:18:17] Conexiones establecidas
[2025-12-08 22:18:17] Total órdenes en lycaios_pos.ordenes: 4756
[2025-12-08 22:18:17] Total órdenes en ayuntamiento.ordenes_backup: 4756
[2025-12-08 22:18:17] === SINCRONIZACIÓN COMPLETADA ===
[2025-12-08 22:18:17] Órdenes insertadas: 0
[2025-12-08 22:18:17] Órdenes omitidas (ya existían): 4756
[2025-12-08 22:18:17] Total procesadas: 4756
[2025-12-08 22:19:19] === INICIANDO SINCRONIZACIÓN ===
[2025-12-08 22:19:19] Conexiones establecidas
[2025-12-08 22:19:19] Total órdenes en lycaios_pos.ordenes: 4756
[2025-12-08 22:19:19] Total órdenes en ayuntamiento.ordenes_backup: 4756
[2025-12-08 22:19:19] === SINCRONIZACIÓN COMPLETADA ===
[2025-12-08 22:19:19] Órdenes insertadas: 0
[2025-12-08 22:19:19] Órdenes omitidas (ya existían): 4756
[2025-12-08 22:19:19] Total procesadas: 4756
[2025-12-08 22:20:21] === INICIANDO SINCRONIZACIÓN ===
[2025-12-08 22:20:21] Conexiones establecidas
[2025-12-08 22:20:21] Total órdenes en lycaios_pos.ordenes: 4756
[2025-12-08 22:20:21] Total órdenes en ayuntamiento.ordenes_backup: 4756
[2025-12-08 22:20:21] === SINCRONIZACIÓN COMPLETADA ===
[2025-12-08 22:20:21] Órdenes insertadas: 0
[2025-12-08 22:20:21] Órdenes omitidas (ya existían): 4756
[2025-12-08 22:20:21] Total procesadas: 4756
[2025-12-08 22:21:23] === INICIANDO SINCRONIZACIÓN ===
[2025-12-08 22:21:23] Conexiones establecidas
[2025-12-08 22:21:23] Total órdenes en lycaios_pos.ordenes: 4756
[2025-12-08 22:21:23] Total órdenes en ayuntamiento.ordenes_backup: 4756
[2025-12-08 22:21:23] === SINCRONIZACIÓN COMPLETADA ===
[2025-12-08 22:21:23] Órdenes insertadas: 0
[2025-12-08 22:21:23] Órdenes omitidas (ya existían): 4756
[2025-12-08 22:21:23] Total procesadas: 4756
[2025-12-08 22:22:25] === INICIANDO SINCRONIZACIÓN ===
[2025-12-08 22:22:25] Conexiones establecidas
[2025-12-08 22:22:25] Total órdenes en lycaios_pos.ordenes: 4756
[2025-12-08 22:22:25] Total órdenes en ayuntamiento.ordenes_backup: 4756
[2025-12-08 22:22:25] === SINCRONIZACIÓN COMPLETADA ===
[2025-12-08 22:22:25] Órdenes insertadas: 0
[2025-12-08 22:22:25] Órdenes omitidas (ya existían): 4756
[2025-12-08 22:22:25] Total procesadas: 4756
[2025-12-08 22:23:27] === INICIANDO SINCRONIZACIÓN ===
[2025-12-08 22:23:27] Conexiones establecidas
[2025-12-08 22:23:27] Total órdenes en lycaios_pos.ordenes: 4756
[2025-12-08 22:23:27] Total órdenes en ayuntamiento.ordenes_backup: 4756
[2025-12-08 22:23:27] === SINCRONIZACIÓN COMPLETADA ===
[2025-12-08 22:23:27] Órdenes insertadas: 0
[2025-12-08 22:23:27] Órdenes omitidas (ya existían): 4756
[2025-12-08 22:23:27] Total procesadas: 4756
[2025-12-08 22:24:29] === INICIANDO SINCRONIZACIÓN ===
[2025-12-08 22:24:29] Conexiones establecidas
[2025-12-08 22:24:29] Total órdenes en lycaios_pos.ordenes: 4757
[2025-12-08 22:24:29] Total órdenes en ayuntamiento.ordenes_backup: 4756
[2025-12-08 22:24:29] ✓ Insertada orden: 0006160
[2025-12-08 22:24:29] === SINCRONIZACIÓN COMPLETADA ===
[2025-12-08 22:24:29] Órdenes insertadas: 1
[2025-12-08 22:24:29] Órdenes omitidas (ya existían): 4756
[2025-12-08 22:24:29] Total procesadas: 4757
[2025-12-08 22:25:31] === INICIANDO SINCRONIZACIÓN ===
[2025-12-08 22:25:31] Conexiones establecidas
[2025-12-08 22:25:31] Total órdenes en lycaios_pos.ordenes: 4757
[2025-12-08 22:25:31] Total órdenes en ayuntamiento.ordenes_backup: 4757
[2025-12-08 22:25:31] === SINCRONIZACIÓN COMPLETADA ===
[2025-12-08 22:25:31] Órdenes insertadas: 0
[2025-12-08 22:25:31] Órdenes omitidas (ya existían): 4757
[2025-12-08 22:25:31] Total procesadas: 4757
[2025-12-08 22:26:33] === INICIANDO SINCRONIZACIÓN ===
[2025-12-08 22:26:33] Conexiones establecidas
[2025-12-08 22:26:33] Total órdenes en lycaios_pos.ordenes: 4757
[2025-12-08 22:26:33] Total órdenes en ayuntamiento.ordenes_backup: 4757
[2025-12-08 22:26:33] === SINCRONIZACIÓN COMPLETADA ===
[2025-12-08 22:26:33] Órdenes insertadas: 0
[2025-12-08 22:26:33] Órdenes omitidas (ya existían): 4757
[2025-12-08 22:26:33] Total procesadas: 4757
[2025-12-08 22:27:35] === INICIANDO SINCRONIZACIÓN ===
[2025-12-08 22:27:35] Conexiones establecidas
[2025-12-08 22:27:35] Total órdenes en lycaios_pos.ordenes: 4757
[2025-12-08 22:27:35] Total órdenes en ayuntamiento.ordenes_backup: 4757
[2025-12-08 22:27:35] === SINCRONIZACIÓN COMPLETADA ===
[2025-12-08 22:27:35] Órdenes insertadas: 0
[2025-12-08 22:27:35] Órdenes omitidas (ya existían): 4757
[2025-12-08 22:27:35] Total procesadas: 4757
[2025-12-08 22:28:37] === INICIANDO SINCRONIZACIÓN ===
[2025-12-08 22:28:37] Conexiones establecidas
[2025-12-08 22:28:37] Total órdenes en lycaios_pos.ordenes: 4757
[2025-12-08 22:28:37] Total órdenes en ayuntamiento.ordenes_backup: 4757
[2025-12-08 22:28:37] === SINCRONIZACIÓN COMPLETADA ===
[2025-12-08 22:28:37] Órdenes insertadas: 0
[2025-12-08 22:28:37] Órdenes omitidas (ya existían): 4757
[2025-12-08 22:28:37] Total procesadas: 4757
[2025-12-08 22:29:39] === INICIANDO SINCRONIZACIÓN ===
[2025-12-08 22:29:39] Conexiones establecidas
[2025-12-08 22:29:39] Total órdenes en lycaios_pos.ordenes: 4757
[2025-12-08 22:29:39] Total órdenes en ayuntamiento.ordenes_backup: 4757
[2025-12-08 22:29:39] === SINCRONIZACIÓN COMPLETADA ===
[2025-12-08 22:29:39] Órdenes insertadas: 0
[2025-12-08 22:29:39] Órdenes omitidas (ya existían): 4757
[2025-12-08 22:29:39] Total procesadas: 4757
[2025-12-08 22:30:42] === INICIANDO SINCRONIZACIÓN ===
[2025-12-08 22:30:42] Conexiones establecidas
[2025-12-08 22:30:42] Total órdenes en lycaios_pos.ordenes: 4756
[2025-12-08 22:30:42] Total órdenes en ayuntamiento.ordenes_backup: 4757
[2025-12-08 22:30:42] === SINCRONIZACIÓN COMPLETADA ===
[2025-12-08 22:30:42] Órdenes insertadas: 0
[2025-12-08 22:30:42] Órdenes omitidas (ya existían): 4756
[2025-12-08 22:30:42] Total procesadas: 4756
[2025-12-08 22:31:44] === INICIANDO SINCRONIZACIÓN ===
[2025-12-08 22:31:44] Conexiones establecidas
[2025-12-08 22:31:44] Total órdenes en lycaios_pos.ordenes: 4755
[2025-12-08 22:31:44] Total órdenes en ayuntamiento.ordenes_backup: 4757
[2025-12-08 22:31:44] === SINCRONIZACIÓN COMPLETADA ===
[2025-12-08 22:31:44] Órdenes insertadas: 0
[2025-12-08 22:31:44] Órdenes omitidas (ya existían): 4755
[2025-12-08 22:31:44] Total procesadas: 4755
[2025-12-08 22:32:46] === INICIANDO SINCRONIZACIÓN ===
[2025-12-08 22:32:46] Conexiones establecidas
[2025-12-08 22:32:46] Total órdenes en lycaios_pos.ordenes: 4755
[2025-12-08 22:32:46] Total órdenes en ayuntamiento.ordenes_backup: 4756
[2025-12-08 22:32:46] ✓ Insertada orden: 0006157
[2025-12-08 22:32:46] === SINCRONIZACIÓN COMPLETADA ===
[2025-12-08 22:32:46] Órdenes insertadas: 1
[2025-12-08 22:32:46] Órdenes omitidas (ya existían): 4754
[2025-12-08 22:32:46] Total procesadas: 4755
[2025-12-08 22:33:48] === INICIANDO SINCRONIZACIÓN ===
[2025-12-08 22:33:48] Conexiones establecidas
[2025-12-08 22:33:48] Total órdenes en lycaios_pos.ordenes: 4755
[2025-12-08 22:33:48] Total órdenes en ayuntamiento.ordenes_backup: 4757
[2025-12-08 22:33:48] === SINCRONIZACIÓN COMPLETADA ===
[2025-12-08 22:33:48] Órdenes insertadas: 0
[2025-12-08 22:33:48] Órdenes omitidas (ya existían): 4755
[2025-12-08 22:33:48] Total procesadas: 4755
[2025-12-08 22:34:50] === INICIANDO SINCRONIZACIÓN ===
[2025-12-08 22:34:50] Conexiones establecidas
[2025-12-08 22:34:50] Total órdenes en lycaios_pos.ordenes: 4755
[2025-12-08 22:34:50] Total órdenes en ayuntamiento.ordenes_backup: 4757
[2025-12-08 22:34:50] === SINCRONIZACIÓN COMPLETADA ===
[2025-12-08 22:34:50] Órdenes insertadas: 0
[2025-12-08 22:34:50] Órdenes omitidas (ya existían): 4755
[2025-12-08 22:34:50] Total procesadas: 4755
[2025-12-08 22:35:52] === INICIANDO SINCRONIZACIÓN ===
[2025-12-08 22:35:52] Conexiones establecidas
[2025-12-08 22:35:52] Total órdenes en lycaios_pos.ordenes: 4755
[2025-12-08 22:35:52] Total órdenes en ayuntamiento.ordenes_backup: 4757
[2025-12-08 22:35:52] === SINCRONIZACIÓN COMPLETADA ===
[2025-12-08 22:35:52] Órdenes insertadas: 0
[2025-12-08 22:35:52] Órdenes omitidas (ya existían): 4755
[2025-12-08 22:35:52] Total procesadas: 4755
[2025-12-08 22:36:54] === INICIANDO SINCRONIZACIÓN ===
[2025-12-08 22:36:54] Conexiones establecidas
[2025-12-08 22:36:54] Total órdenes en lycaios_pos.ordenes: 4755
[2025-12-08 22:36:54] Total órdenes en ayuntamiento.ordenes_backup: 4757
[2025-12-08 22:36:54] === SINCRONIZACIÓN COMPLETADA ===
[2025-12-08 22:36:54] Órdenes insertadas: 0
[2025-12-08 22:36:54] Órdenes omitidas (ya existían): 4755
[2025-12-08 22:36:54] Total procesadas: 4755
[2025-12-08 22:37:56] === INICIANDO SINCRONIZACIÓN ===
[2025-12-08 22:37:56] Conexiones establecidas
[2025-12-08 22:37:56] Total órdenes en lycaios_pos.ordenes: 4755
[2025-12-08 22:37:56] Total órdenes en ayuntamiento.ordenes_backup: 4757
[2025-12-08 22:37:56] === SINCRONIZACIÓN COMPLETADA ===
[2025-12-08 22:37:56] Órdenes insertadas: 0
[2025-12-08 22:37:56] Órdenes omitidas (ya existían): 4755
[2025-12-08 22:37:56] Total procesadas: 4755
[2025-12-08 22:38:58] === INICIANDO SINCRONIZACIÓN ===
[2025-12-08 22:38:58] Conexiones establecidas
[2025-12-08 22:38:58] Total órdenes en lycaios_pos.ordenes: 4755
[2025-12-08 22:38:58] Total órdenes en ayuntamiento.ordenes_backup: 4756
[2025-12-08 22:38:58] ✓ Insertada orden: 0006157
[2025-12-08 22:38:58] === SINCRONIZACIÓN COMPLETADA ===
[2025-12-08 22:38:58] Órdenes insertadas: 1
[2025-12-08 22:38:58] Órdenes omitidas (ya existían): 4754
[2025-12-08 22:38:58] Total procesadas: 4755
[2025-12-08 22:40:00] === INICIANDO SINCRONIZACIÓN ===
[2025-12-08 22:40:00] Conexiones establecidas
[2025-12-08 22:40:00] Total órdenes en lycaios_pos.ordenes: 4755
[2025-12-08 22:40:00] Total órdenes en ayuntamiento.ordenes_backup: 4757
[2025-12-08 22:40:00] === SINCRONIZACIÓN COMPLETADA ===
[2025-12-08 22:40:00] Órdenes insertadas: 0
[2025-12-08 22:40:00] Órdenes omitidas (ya existían): 4755
[2025-12-08 22:40:00] Total procesadas: 4755
[2025-12-08 22:41:02] === INICIANDO SINCRONIZACIÓN ===
[2025-12-08 22:41:02] Conexiones establecidas
[2025-12-08 22:41:02] Total órdenes en lycaios_pos.ordenes: 4755
[2025-12-08 22:41:02] Total órdenes en ayuntamiento.ordenes_backup: 4757
[2025-12-08 22:41:02] === SINCRONIZACIÓN COMPLETADA ===
[2025-12-08 22:41:02] Órdenes insertadas: 0
[2025-12-08 22:41:02] Órdenes omitidas (ya existían): 4755
[2025-12-08 22:41:02] Total procesadas: 4755
[2025-12-08 22:42:04] === INICIANDO SINCRONIZACIÓN ===
[2025-12-08 22:42:04] Conexiones establecidas
[2025-12-08 22:42:04] Total órdenes en lycaios_pos.ordenes: 4755
[2025-12-08 22:42:04] Total órdenes en ayuntamiento.ordenes_backup: 4757
[2025-12-08 22:42:04] === SINCRONIZACIÓN COMPLETADA ===
[2025-12-08 22:42:04] Órdenes insertadas: 0
[2025-12-08 22:42:04] Órdenes omitidas (ya existían): 4755
[2025-12-08 22:42:04] Total procesadas: 4755
[2025-12-08 22:43:06] === INICIANDO SINCRONIZACIÓN ===
[2025-12-08 22:43:06] Conexiones establecidas
[2025-12-08 22:43:06] Total órdenes en lycaios_pos.ordenes: 4755
[2025-12-08 22:43:06] Total órdenes en ayuntamiento.ordenes_backup: 4757
[2025-12-08 22:43:06] === SINCRONIZACIÓN COMPLETADA ===
[2025-12-08 22:43:06] Órdenes insertadas: 0
[2025-12-08 22:43:06] Órdenes omitidas (ya existían): 4755
[2025-12-08 22:43:06] Total procesadas: 4755
[2025-12-08 22:44:08] === INICIANDO SINCRONIZACIÓN ===
[2025-12-08 22:44:08] Conexiones establecidas
[2025-12-08 22:44:08] Total órdenes en lycaios_pos.ordenes: 4755
[2025-12-08 22:44:08] Total órdenes en ayuntamiento.ordenes_backup: 4757
[2025-12-08 22:44:08] === SINCRONIZACIÓN COMPLETADA ===
[2025-12-08 22:44:08] Órdenes insertadas: 0
[2025-12-08 22:44:08] Órdenes omitidas (ya existían): 4755
[2025-12-08 22:44:08] Total procesadas: 4755
[2025-12-08 22:45:10] === INICIANDO SINCRONIZACIÓN ===
[2025-12-08 22:45:10] Conexiones establecidas
[2025-12-08 22:45:10] Total órdenes en lycaios_pos.ordenes: 4753
[2025-12-08 22:45:10] Total órdenes en ayuntamiento.ordenes_backup: 4755
[2025-12-08 22:45:10] === SINCRONIZACIÓN COMPLETADA ===
[2025-12-08 22:45:10] Órdenes insertadas: 0
[2025-12-08 22:45:10] Órdenes omitidas (ya existían): 4753
[2025-12-08 22:45:10] Total procesadas: 4753
[2025-12-08 22:46:12] === INICIANDO SINCRONIZACIÓN ===
[2025-12-08 22:46:12] Conexiones establecidas
[2025-12-08 22:46:12] Total órdenes en lycaios_pos.ordenes: 4753
[2025-12-08 22:46:12] Total órdenes en ayuntamiento.ordenes_backup: 4755
[2025-12-08 22:46:12] === SINCRONIZACIÓN COMPLETADA ===
[2025-12-08 22:46:12] Órdenes insertadas: 0
[2025-12-08 22:46:12] Órdenes omitidas (ya existían): 4753
[2025-12-08 22:46:12] Total procesadas: 4753
[2025-12-08 22:47:14] === INICIANDO SINCRONIZACIÓN ===
[2025-12-08 22:47:14] Conexiones establecidas
[2025-12-08 22:47:14] Total órdenes en lycaios_pos.ordenes: 4753
[2025-12-08 22:47:14] Total órdenes en ayuntamiento.ordenes_backup: 4755
[2025-12-08 22:47:14] === SINCRONIZACIÓN COMPLETADA ===
[2025-12-08 22:47:14] Órdenes insertadas: 0
[2025-12-08 22:47:14] Órdenes omitidas (ya existían): 4753
[2025-12-08 22:47:14] Total procesadas: 4753
[2025-12-08 22:48:16] === INICIANDO SINCRONIZACIÓN ===
[2025-12-08 22:48:16] Conexiones establecidas
[2025-12-08 22:48:16] Total órdenes en lycaios_pos.ordenes: 4753
[2025-12-08 22:48:16] Total órdenes en ayuntamiento.ordenes_backup: 4755
[2025-12-08 22:48:16] === SINCRONIZACIÓN COMPLETADA ===
[2025-12-08 22:48:16] Órdenes insertadas: 0
[2025-12-08 22:48:16] Órdenes omitidas (ya existían): 4753
[2025-12-08 22:48:16] Total procesadas: 4753
[2025-12-08 22:49:18] === INICIANDO SINCRONIZACIÓN ===
[2025-12-08 22:49:18] Conexiones establecidas
[2025-12-08 22:49:18] Total órdenes en lycaios_pos.ordenes: 4753
[2025-12-08 22:49:18] Total órdenes en ayuntamiento.ordenes_backup: 4755
[2025-12-08 22:49:18] === SINCRONIZACIÓN COMPLETADA ===
[2025-12-08 22:49:18] Órdenes insertadas: 0
[2025-12-08 22:49:18] Órdenes omitidas (ya existían): 4753
[2025-12-08 22:49:18] Total procesadas: 4753
[2025-12-08 22:50:20] === INICIANDO SINCRONIZACIÓN ===
[2025-12-08 22:50:20] Conexiones establecidas
[2025-12-08 22:50:20] Total órdenes en lycaios_pos.ordenes: 4753
[2025-12-08 22:50:20] Total órdenes en ayuntamiento.ordenes_backup: 4755
[2025-12-08 22:50:20] === SINCRONIZACIÓN COMPLETADA ===
[2025-12-08 22:50:20] Órdenes insertadas: 0
[2025-12-08 22:50:20] Órdenes omitidas (ya existían): 4753
[2025-12-08 22:50:20] Total procesadas: 4753
[2025-12-08 22:51:22] === INICIANDO SINCRONIZACIÓN ===
[2025-12-08 22:51:22] Conexiones establecidas
[2025-12-08 22:51:22] Total órdenes en lycaios_pos.ordenes: 4753
[2025-12-08 22:51:22] Total órdenes en ayuntamiento.ordenes_backup: 4755
[2025-12-08 22:51:22] === SINCRONIZACIÓN COMPLETADA ===
[2025-12-08 22:51:22] Órdenes insertadas: 0
[2025-12-08 22:51:22] Órdenes omitidas (ya existían): 4753
[2025-12-08 22:51:22] Total procesadas: 4753
[2025-12-08 22:52:24] === INICIANDO SINCRONIZACIÓN ===
[2025-12-08 22:52:24] Conexiones establecidas
[2025-12-08 22:52:24] Total órdenes en lycaios_pos.ordenes: 4753
[2025-12-08 22:52:24] Total órdenes en ayuntamiento.ordenes_backup: 4755
[2025-12-08 22:52:24] === SINCRONIZACIÓN COMPLETADA ===
[2025-12-08 22:52:24] Órdenes insertadas: 0
[2025-12-08 22:52:24] Órdenes omitidas (ya existían): 4753
[2025-12-08 22:52:24] Total procesadas: 4753
[2025-12-08 22:53:26] === INICIANDO SINCRONIZACIÓN ===
[2025-12-08 22:53:26] Conexiones establecidas
[2025-12-08 22:53:26] Total órdenes en lycaios_pos.ordenes: 4753
[2025-12-08 22:53:26] Total órdenes en ayuntamiento.ordenes_backup: 4755
[2025-12-08 22:53:26] === SINCRONIZACIÓN COMPLETADA ===
[2025-12-08 22:53:26] Órdenes insertadas: 0
[2025-12-08 22:53:26] Órdenes omitidas (ya existían): 4753
[2025-12-08 22:53:26] Total procesadas: 4753
[2025-12-08 22:54:28] === INICIANDO SINCRONIZACIÓN ===
[2025-12-08 22:54:28] Conexiones establecidas
[2025-12-08 22:54:28] Total órdenes en lycaios_pos.ordenes: 4753
[2025-12-08 22:54:28] Total órdenes en ayuntamiento.ordenes_backup: 4755
[2025-12-08 22:54:28] === SINCRONIZACIÓN COMPLETADA ===
[2025-12-08 22:54:28] Órdenes insertadas: 0
[2025-12-08 22:54:28] Órdenes omitidas (ya existían): 4753
[2025-12-08 22:54:28] Total procesadas: 4753
[2025-12-08 22:55:30] === INICIANDO SINCRONIZACIÓN ===
[2025-12-08 22:55:30] Conexiones establecidas
[2025-12-08 22:55:30] Total órdenes en lycaios_pos.ordenes: 4753
[2025-12-08 22:55:30] Total órdenes en ayuntamiento.ordenes_backup: 4755
[2025-12-08 22:55:30] === SINCRONIZACIÓN COMPLETADA ===
[2025-12-08 22:55:30] Órdenes insertadas: 0
[2025-12-08 22:55:30] Órdenes omitidas (ya existían): 4753
[2025-12-08 22:55:30] Total procesadas: 4753
[2025-12-08 22:56:32] === INICIANDO SINCRONIZACIÓN ===
[2025-12-08 22:56:32] Conexiones establecidas
[2025-12-08 22:56:32] Total órdenes en lycaios_pos.ordenes: 4753
[2025-12-08 22:56:32] Total órdenes en ayuntamiento.ordenes_backup: 4755
[2025-12-08 22:56:32] === SINCRONIZACIÓN COMPLETADA ===
[2025-12-08 22:56:32] Órdenes insertadas: 0
[2025-12-08 22:56:32] Órdenes omitidas (ya existían): 4753
[2025-12-08 22:56:32] Total procesadas: 4753
[2025-12-08 22:57:34] === INICIANDO SINCRONIZACIÓN ===
[2025-12-08 22:57:34] Conexiones establecidas
[2025-12-08 22:57:34] Total órdenes en lycaios_pos.ordenes: 4753
[2025-12-08 22:57:34] Total órdenes en ayuntamiento.ordenes_backup: 4755
[2025-12-08 22:57:34] === SINCRONIZACIÓN COMPLETADA ===
[2025-12-08 22:57:34] Órdenes insertadas: 0
[2025-12-08 22:57:34] Órdenes omitidas (ya existían): 4753
[2025-12-08 22:57:34] Total procesadas: 4753
[2025-12-08 22:58:36] === INICIANDO SINCRONIZACIÓN ===
[2025-12-08 22:58:36] Conexiones establecidas
[2025-12-08 22:58:36] Total órdenes en lycaios_pos.ordenes: 4753
[2025-12-08 22:58:36] Total órdenes en ayuntamiento.ordenes_backup: 4755
[2025-12-08 22:58:36] === SINCRONIZACIÓN COMPLETADA ===
[2025-12-08 22:58:36] Órdenes insertadas: 0
[2025-12-08 22:58:36] Órdenes omitidas (ya existían): 4753
[2025-12-08 22:58:36] Total procesadas: 4753
[2025-12-08 22:59:38] === INICIANDO SINCRONIZACIÓN ===
[2025-12-08 22:59:38] Conexiones establecidas
[2025-12-08 22:59:38] Total órdenes en lycaios_pos.ordenes: 4753
[2025-12-08 22:59:38] Total órdenes en ayuntamiento.ordenes_backup: 4755
[2025-12-08 22:59:38] === SINCRONIZACIÓN COMPLETADA ===
[2025-12-08 22:59:38] Órdenes insertadas: 0
[2025-12-08 22:59:38] Órdenes omitidas (ya existían): 4753
[2025-12-08 22:59:38] Total procesadas: 4753
[2025-12-08 23:00:40] === INICIANDO SINCRONIZACIÓN ===
[2025-12-08 23:00:40] Conexiones establecidas
[2025-12-08 23:00:40] Total órdenes en lycaios_pos.ordenes: 4753
[2025-12-08 23:00:40] Total órdenes en ayuntamiento.ordenes_backup: 4755
[2025-12-08 23:00:40] === SINCRONIZACIÓN COMPLETADA ===
[2025-12-08 23:00:40] Órdenes insertadas: 0
[2025-12-08 23:00:40] Órdenes omitidas (ya existían): 4753
[2025-12-08 23:00:40] Total procesadas: 4753
[2025-12-08 23:01:42] === INICIANDO SINCRONIZACIÓN ===
[2025-12-08 23:01:42] Conexiones establecidas
[2025-12-08 23:01:42] Total órdenes en lycaios_pos.ordenes: 4753
[2025-12-08 23:01:42] Total órdenes en ayuntamiento.ordenes_backup: 4755
[2025-12-08 23:01:42] === SINCRONIZACIÓN COMPLETADA ===
[2025-12-08 23:01:42] Órdenes insertadas: 0
[2025-12-08 23:01:42] Órdenes omitidas (ya existían): 4753
[2025-12-08 23:01:42] Total procesadas: 4753
[2025-12-08 23:02:44] === INICIANDO SINCRONIZACIÓN ===
[2025-12-08 23:02:44] Conexiones establecidas
[2025-12-08 23:02:44] Total órdenes en lycaios_pos.ordenes: 4753
[2025-12-08 23:02:44] Total órdenes en ayuntamiento.ordenes_backup: 4755
[2025-12-08 23:02:44] === SINCRONIZACIÓN COMPLETADA ===
[2025-12-08 23:02:44] Órdenes insertadas: 0
[2025-12-08 23:02:44] Órdenes omitidas (ya existían): 4753
[2025-12-08 23:02:44] Total procesadas: 4753
[2025-12-08 23:03:46] === INICIANDO SINCRONIZACIÓN ===
[2025-12-08 23:03:46] Conexiones establecidas
[2025-12-08 23:03:46] Total órdenes en lycaios_pos.ordenes: 4753
[2025-12-08 23:03:46] Total órdenes en ayuntamiento.ordenes_backup: 4755
[2025-12-08 23:03:46] === SINCRONIZACIÓN COMPLETADA ===
[2025-12-08 23:03:46] Órdenes insertadas: 0
[2025-12-08 23:03:46] Órdenes omitidas (ya existían): 4753
[2025-12-08 23:03:46] Total procesadas: 4753
[2025-12-08 23:04:48] === INICIANDO SINCRONIZACIÓN ===
[2025-12-08 23:04:48] Conexiones establecidas
[2025-12-08 23:04:48] Total órdenes en lycaios_pos.ordenes: 4753
[2025-12-08 23:04:48] Total órdenes en ayuntamiento.ordenes_backup: 4755
[2025-12-08 23:04:48] === SINCRONIZACIÓN COMPLETADA ===
[2025-12-08 23:04:48] Órdenes insertadas: 0
[2025-12-08 23:04:48] Órdenes omitidas (ya existían): 4753
[2025-12-08 23:04:48] Total procesadas: 4753
[2025-12-08 23:05:50] === INICIANDO SINCRONIZACIÓN ===
[2025-12-08 23:05:50] Conexiones establecidas
[2025-12-08 23:05:50] Total órdenes en lycaios_pos.ordenes: 4753
[2025-12-08 23:05:50] Total órdenes en ayuntamiento.ordenes_backup: 4755
[2025-12-08 23:05:50] === SINCRONIZACIÓN COMPLETADA ===
[2025-12-08 23:05:50] Órdenes insertadas: 0
[2025-12-08 23:05:50] Órdenes omitidas (ya existían): 4753
[2025-12-08 23:05:50] Total procesadas: 4753
[2025-12-08 23:06:52] === INICIANDO SINCRONIZACIÓN ===
[2025-12-08 23:06:52] Conexiones establecidas
[2025-12-08 23:06:52] Total órdenes en lycaios_pos.ordenes: 4753
[2025-12-08 23:06:52] Total órdenes en ayuntamiento.ordenes_backup: 4755
[2025-12-08 23:06:52] === SINCRONIZACIÓN COMPLETADA ===
[2025-12-08 23:06:52] Órdenes insertadas: 0
[2025-12-08 23:06:52] Órdenes omitidas (ya existían): 4753
[2025-12-08 23:06:52] Total procesadas: 4753
[2025-12-08 23:07:54] === INICIANDO SINCRONIZACIÓN ===
[2025-12-08 23:07:54] Conexiones establecidas
[2025-12-08 23:07:54] Total órdenes en lycaios_pos.ordenes: 4753
[2025-12-08 23:07:54] Total órdenes en ayuntamiento.ordenes_backup: 4755
[2025-12-08 23:07:54] === SINCRONIZACIÓN COMPLETADA ===
[2025-12-08 23:07:54] Órdenes insertadas: 0
[2025-12-08 23:07:54] Órdenes omitidas (ya existían): 4753
[2025-12-08 23:07:54] Total procesadas: 4753
[2025-12-08 23:08:56] === INICIANDO SINCRONIZACIÓN ===
[2025-12-08 23:08:56] Conexiones establecidas
[2025-12-08 23:08:56] Total órdenes en lycaios_pos.ordenes: 4753
[2025-12-08 23:08:56] Total órdenes en ayuntamiento.ordenes_backup: 4755
[2025-12-08 23:08:56] === SINCRONIZACIÓN COMPLETADA ===
[2025-12-08 23:08:56] Órdenes insertadas: 0
[2025-12-08 23:08:56] Órdenes omitidas (ya existían): 4753
[2025-12-08 23:08:56] Total procesadas: 4753
[2025-12-08 23:09:58] === INICIANDO SINCRONIZACIÓN ===
[2025-12-08 23:09:58] Conexiones establecidas
[2025-12-08 23:09:58] Total órdenes en lycaios_pos.ordenes: 4753
[2025-12-08 23:09:58] Total órdenes en ayuntamiento.ordenes_backup: 4755
[2025-12-08 23:09:58] === SINCRONIZACIÓN COMPLETADA ===
[2025-12-08 23:09:58] Órdenes insertadas: 0
[2025-12-08 23:09:58] Órdenes omitidas (ya existían): 4753
[2025-12-08 23:09:58] Total procesadas: 4753
[2025-12-08 23:11:00] === INICIANDO SINCRONIZACIÓN ===
[2025-12-08 23:11:00] Conexiones establecidas
[2025-12-08 23:11:00] Total órdenes en lycaios_pos.ordenes: 4753
[2025-12-08 23:11:00] Total órdenes en ayuntamiento.ordenes_backup: 4755
[2025-12-08 23:11:00] === SINCRONIZACIÓN COMPLETADA ===
[2025-12-08 23:11:00] Órdenes insertadas: 0
[2025-12-08 23:11:00] Órdenes omitidas (ya existían): 4753
[2025-12-08 23:11:00] Total procesadas: 4753
[2025-12-08 23:12:02] === INICIANDO SINCRONIZACIÓN ===
[2025-12-08 23:12:02] Conexiones establecidas
[2025-12-08 23:12:02] Total órdenes en lycaios_pos.ordenes: 4753
[2025-12-08 23:12:02] Total órdenes en ayuntamiento.ordenes_backup: 4755
[2025-12-08 23:12:02] === SINCRONIZACIÓN COMPLETADA ===
[2025-12-08 23:12:02] Órdenes insertadas: 0
[2025-12-08 23:12:02] Órdenes omitidas (ya existían): 4753
[2025-12-08 23:12:02] Total procesadas: 4753
[2025-12-08 23:13:04] === INICIANDO SINCRONIZACIÓN ===
[2025-12-08 23:13:04] Conexiones establecidas
[2025-12-08 23:13:04] Total órdenes en lycaios_pos.ordenes: 4753
[2025-12-08 23:13:04] Total órdenes en ayuntamiento.ordenes_backup: 4755
[2025-12-08 23:13:04] === SINCRONIZACIÓN COMPLETADA ===
[2025-12-08 23:13:04] Órdenes insertadas: 0
[2025-12-08 23:13:04] Órdenes omitidas (ya existían): 4753
[2025-12-08 23:13:04] Total procesadas: 4753
[2025-12-08 23:14:06] === INICIANDO SINCRONIZACIÓN ===
[2025-12-08 23:14:06] Conexiones establecidas
[2025-12-08 23:14:06] Total órdenes en lycaios_pos.ordenes: 4753
[2025-12-08 23:14:06] Total órdenes en ayuntamiento.ordenes_backup: 4755
[2025-12-08 23:14:06] === SINCRONIZACIÓN COMPLETADA ===
[2025-12-08 23:14:06] Órdenes insertadas: 0
[2025-12-08 23:14:06] Órdenes omitidas (ya existían): 4753
[2025-12-08 23:14:06] Total procesadas: 4753
[2025-12-08 23:15:08] === INICIANDO SINCRONIZACIÓN ===
[2025-12-08 23:15:08] Conexiones establecidas
[2025-12-08 23:15:08] Total órdenes en lycaios_pos.ordenes: 4753
[2025-12-08 23:15:08] Total órdenes en ayuntamiento.ordenes_backup: 4755
[2025-12-08 23:15:08] === SINCRONIZACIÓN COMPLETADA ===
[2025-12-08 23:15:08] Órdenes insertadas: 0
[2025-12-08 23:15:08] Órdenes omitidas (ya existían): 4753
[2025-12-08 23:15:08] Total procesadas: 4753
[2025-12-08 23:16:10] === INICIANDO SINCRONIZACIÓN ===
[2025-12-08 23:16:10] Conexiones establecidas
[2025-12-08 23:16:10] Total órdenes en lycaios_pos.ordenes: 4753
[2025-12-08 23:16:10] Total órdenes en ayuntamiento.ordenes_backup: 4755
[2025-12-08 23:16:10] === SINCRONIZACIÓN COMPLETADA ===
[2025-12-08 23:16:10] Órdenes insertadas: 0
[2025-12-08 23:16:10] Órdenes omitidas (ya existían): 4753
[2025-12-08 23:16:10] Total procesadas: 4753
[2025-12-08 23:17:12] === INICIANDO SINCRONIZACIÓN ===
[2025-12-08 23:17:12] Conexiones establecidas
[2025-12-08 23:17:12] Total órdenes en lycaios_pos.ordenes: 4753
[2025-12-08 23:17:12] Total órdenes en ayuntamiento.ordenes_backup: 4755
[2025-12-08 23:17:12] === SINCRONIZACIÓN COMPLETADA ===
[2025-12-08 23:17:12] Órdenes insertadas: 0
[2025-12-08 23:17:12] Órdenes omitidas (ya existían): 4753
[2025-12-08 23:17:12] Total procesadas: 4753
[2025-12-08 23:18:14] === INICIANDO SINCRONIZACIÓN ===
[2025-12-08 23:18:14] Conexiones establecidas
[2025-12-08 23:18:14] Total órdenes en lycaios_pos.ordenes: 4753
[2025-12-08 23:18:14] Total órdenes en ayuntamiento.ordenes_backup: 4755
[2025-12-08 23:18:14] === SINCRONIZACIÓN COMPLETADA ===
[2025-12-08 23:18:14] Órdenes insertadas: 0
[2025-12-08 23:18:14] Órdenes omitidas (ya existían): 4753
[2025-12-08 23:18:14] Total procesadas: 4753
[2025-12-08 23:19:16] === INICIANDO SINCRONIZACIÓN ===
[2025-12-08 23:19:16] Conexiones establecidas
[2025-12-08 23:19:16] Total órdenes en lycaios_pos.ordenes: 4753
[2025-12-08 23:19:16] Total órdenes en ayuntamiento.ordenes_backup: 4755
[2025-12-08 23:19:16] === SINCRONIZACIÓN COMPLETADA ===
[2025-12-08 23:19:16] Órdenes insertadas: 0
[2025-12-08 23:19:16] Órdenes omitidas (ya existían): 4753
[2025-12-08 23:19:16] Total procesadas: 4753
[2025-12-08 23:20:18] === INICIANDO SINCRONIZACIÓN ===
[2025-12-08 23:20:18] Conexiones establecidas
[2025-12-08 23:20:18] Total órdenes en lycaios_pos.ordenes: 4753
[2025-12-08 23:20:18] Total órdenes en ayuntamiento.ordenes_backup: 4755
[2025-12-08 23:20:18] === SINCRONIZACIÓN COMPLETADA ===
[2025-12-08 23:20:18] Órdenes insertadas: 0
[2025-12-08 23:20:18] Órdenes omitidas (ya existían): 4753
[2025-12-08 23:20:18] Total procesadas: 4753
[2025-12-08 23:21:20] === INICIANDO SINCRONIZACIÓN ===
[2025-12-08 23:21:20] Conexiones establecidas
[2025-12-08 23:21:20] Total órdenes en lycaios_pos.ordenes: 4753
[2025-12-08 23:21:20] Total órdenes en ayuntamiento.ordenes_backup: 4755
[2025-12-08 23:21:20] === SINCRONIZACIÓN COMPLETADA ===
[2025-12-08 23:21:20] Órdenes insertadas: 0
[2025-12-08 23:21:20] Órdenes omitidas (ya existían): 4753
[2025-12-08 23:21:20] Total procesadas: 4753
[2025-12-08 23:22:22] === INICIANDO SINCRONIZACIÓN ===
[2025-12-08 23:22:22] Conexiones establecidas
[2025-12-08 23:22:22] Total órdenes en lycaios_pos.ordenes: 4753
[2025-12-08 23:22:22] Total órdenes en ayuntamiento.ordenes_backup: 4755
[2025-12-08 23:22:22] === SINCRONIZACIÓN COMPLETADA ===
[2025-12-08 23:22:22] Órdenes insertadas: 0
[2025-12-08 23:22:22] Órdenes omitidas (ya existían): 4753
[2025-12-08 23:22:22] Total procesadas: 4753
[2025-12-08 23:23:24] === INICIANDO SINCRONIZACIÓN ===
[2025-12-08 23:23:24] Conexiones establecidas
[2025-12-08 23:23:24] Total órdenes en lycaios_pos.ordenes: 4753
[2025-12-08 23:23:24] Total órdenes en ayuntamiento.ordenes_backup: 4755
[2025-12-08 23:23:24] === SINCRONIZACIÓN COMPLETADA ===
[2025-12-08 23:23:24] Órdenes insertadas: 0
[2025-12-08 23:23:24] Órdenes omitidas (ya existían): 4753
[2025-12-08 23:23:24] Total procesadas: 4753
[2025-12-08 23:24:26] === INICIANDO SINCRONIZACIÓN ===
[2025-12-08 23:24:26] Conexiones establecidas
[2025-12-08 23:24:26] Total órdenes en lycaios_pos.ordenes: 4753
[2025-12-08 23:24:26] Total órdenes en ayuntamiento.ordenes_backup: 4755
[2025-12-08 23:24:26] === SINCRONIZACIÓN COMPLETADA ===
[2025-12-08 23:24:26] Órdenes insertadas: 0
[2025-12-08 23:24:26] Órdenes omitidas (ya existían): 4753
[2025-12-08 23:24:26] Total procesadas: 4753
[2025-12-08 23:25:28] === INICIANDO SINCRONIZACIÓN ===
[2025-12-08 23:25:28] Conexiones establecidas
[2025-12-08 23:25:28] Total órdenes en lycaios_pos.ordenes: 4753
[2025-12-08 23:25:28] Total órdenes en ayuntamiento.ordenes_backup: 4755
[2025-12-08 23:25:28] === SINCRONIZACIÓN COMPLETADA ===
[2025-12-08 23:25:28] Órdenes insertadas: 0
[2025-12-08 23:25:28] Órdenes omitidas (ya existían): 4753
[2025-12-08 23:25:28] Total procesadas: 4753
[2025-12-08 23:26:30] === INICIANDO SINCRONIZACIÓN ===
[2025-12-08 23:26:30] Conexiones establecidas
[2025-12-08 23:26:30] Total órdenes en lycaios_pos.ordenes: 4753
[2025-12-08 23:26:30] Total órdenes en ayuntamiento.ordenes_backup: 4755
[2025-12-08 23:26:30] === SINCRONIZACIÓN COMPLETADA ===
[2025-12-08 23:26:30] Órdenes insertadas: 0
[2025-12-08 23:26:30] Órdenes omitidas (ya existían): 4753
[2025-12-08 23:26:30] Total procesadas: 4753
[2025-12-08 23:27:32] === INICIANDO SINCRONIZACIÓN ===
[2025-12-08 23:27:32] Conexiones establecidas
[2025-12-08 23:27:32] Total órdenes en lycaios_pos.ordenes: 4753
[2025-12-08 23:27:32] Total órdenes en ayuntamiento.ordenes_backup: 4755
[2025-12-08 23:27:32] === SINCRONIZACIÓN COMPLETADA ===
[2025-12-08 23:27:32] Órdenes insertadas: 0
[2025-12-08 23:27:32] Órdenes omitidas (ya existían): 4753
[2025-12-08 23:27:32] Total procesadas: 4753
[2025-12-08 23:28:34] === INICIANDO SINCRONIZACIÓN ===
[2025-12-08 23:28:34] Conexiones establecidas
[2025-12-08 23:28:34] Total órdenes en lycaios_pos.ordenes: 4753
[2025-12-08 23:28:34] Total órdenes en ayuntamiento.ordenes_backup: 4755
[2025-12-08 23:28:34] === SINCRONIZACIÓN COMPLETADA ===
[2025-12-08 23:28:34] Órdenes insertadas: 0
[2025-12-08 23:28:34] Órdenes omitidas (ya existían): 4753
[2025-12-08 23:28:34] Total procesadas: 4753
[2025-12-08 23:29:36] === INICIANDO SINCRONIZACIÓN ===
[2025-12-08 23:29:36] Conexiones establecidas
[2025-12-08 23:29:36] Total órdenes en lycaios_pos.ordenes: 4753
[2025-12-08 23:29:36] Total órdenes en ayuntamiento.ordenes_backup: 4755
[2025-12-08 23:29:36] === SINCRONIZACIÓN COMPLETADA ===
[2025-12-08 23:29:36] Órdenes insertadas: 0
[2025-12-08 23:29:36] Órdenes omitidas (ya existían): 4753
[2025-12-08 23:29:36] Total procesadas: 4753
[2025-12-08 23:30:38] === INICIANDO SINCRONIZACIÓN ===
[2025-12-08 23:30:38] Conexiones establecidas
[2025-12-08 23:30:38] Total órdenes en lycaios_pos.ordenes: 4753
[2025-12-08 23:30:38] Total órdenes en ayuntamiento.ordenes_backup: 4755
[2025-12-08 23:30:38] === SINCRONIZACIÓN COMPLETADA ===
[2025-12-08 23:30:38] Órdenes insertadas: 0
[2025-12-08 23:30:38] Órdenes omitidas (ya existían): 4753
[2025-12-08 23:30:38] Total procesadas: 4753
[2025-12-08 23:31:40] === INICIANDO SINCRONIZACIÓN ===
[2025-12-08 23:31:40] Conexiones establecidas
[2025-12-08 23:31:40] Total órdenes en lycaios_pos.ordenes: 4753
[2025-12-08 23:31:40] Total órdenes en ayuntamiento.ordenes_backup: 4755
[2025-12-08 23:31:40] === SINCRONIZACIÓN COMPLETADA ===
[2025-12-08 23:31:40] Órdenes insertadas: 0
[2025-12-08 23:31:40] Órdenes omitidas (ya existían): 4753
[2025-12-08 23:31:40] Total procesadas: 4753
[2025-12-08 23:32:42] === INICIANDO SINCRONIZACIÓN ===
[2025-12-08 23:32:42] Conexiones establecidas
[2025-12-08 23:32:42] Total órdenes en lycaios_pos.ordenes: 4753
[2025-12-08 23:32:42] Total órdenes en ayuntamiento.ordenes_backup: 4755
[2025-12-08 23:32:42] === SINCRONIZACIÓN COMPLETADA ===
[2025-12-08 23:32:42] Órdenes insertadas: 0
[2025-12-08 23:32:42] Órdenes omitidas (ya existían): 4753
[2025-12-08 23:32:42] Total procesadas: 4753
[2025-12-08 23:33:44] === INICIANDO SINCRONIZACIÓN ===
[2025-12-08 23:33:44] Conexiones establecidas
[2025-12-08 23:33:44] Total órdenes en lycaios_pos.ordenes: 4753
[2025-12-08 23:33:44] Total órdenes en ayuntamiento.ordenes_backup: 4755
[2025-12-08 23:33:44] === SINCRONIZACIÓN COMPLETADA ===
[2025-12-08 23:33:44] Órdenes insertadas: 0
[2025-12-08 23:33:44] Órdenes omitidas (ya existían): 4753
[2025-12-08 23:33:44] Total procesadas: 4753
[2025-12-08 23:34:46] === INICIANDO SINCRONIZACIÓN ===
[2025-12-08 23:34:46] Conexiones establecidas
[2025-12-08 23:34:46] Total órdenes en lycaios_pos.ordenes: 4753
[2025-12-08 23:34:46] Total órdenes en ayuntamiento.ordenes_backup: 4755
[2025-12-08 23:34:46] === SINCRONIZACIÓN COMPLETADA ===
[2025-12-08 23:34:46] Órdenes insertadas: 0
[2025-12-08 23:34:46] Órdenes omitidas (ya existían): 4753
[2025-12-08 23:34:46] Total procesadas: 4753
[2025-12-08 23:35:48] === INICIANDO SINCRONIZACIÓN ===
[2025-12-08 23:35:48] Conexiones establecidas
[2025-12-08 23:35:48] Total órdenes en lycaios_pos.ordenes: 4753
[2025-12-08 23:35:48] Total órdenes en ayuntamiento.ordenes_backup: 4755
[2025-12-08 23:35:48] === SINCRONIZACIÓN COMPLETADA ===
[2025-12-08 23:35:48] Órdenes insertadas: 0
[2025-12-08 23:35:48] Órdenes omitidas (ya existían): 4753
[2025-12-08 23:35:48] Total procesadas: 4753
[2025-12-08 23:36:50] === INICIANDO SINCRONIZACIÓN ===
[2025-12-08 23:36:50] Conexiones establecidas
[2025-12-08 23:36:50] Total órdenes en lycaios_pos.ordenes: 4753
[2025-12-08 23:36:50] Total órdenes en ayuntamiento.ordenes_backup: 4755
[2025-12-08 23:36:50] === SINCRONIZACIÓN COMPLETADA ===
[2025-12-08 23:36:50] Órdenes insertadas: 0
[2025-12-08 23:36:50] Órdenes omitidas (ya existían): 4753
[2025-12-08 23:36:50] Total procesadas: 4753
[2025-12-08 23:37:52] === INICIANDO SINCRONIZACIÓN ===
[2025-12-08 23:37:52] Conexiones establecidas
[2025-12-08 23:37:52] Total órdenes en lycaios_pos.ordenes: 4753
[2025-12-08 23:37:52] Total órdenes en ayuntamiento.ordenes_backup: 4755
[2025-12-08 23:37:52] === SINCRONIZACIÓN COMPLETADA ===
[2025-12-08 23:37:52] Órdenes insertadas: 0
[2025-12-08 23:37:52] Órdenes omitidas (ya existían): 4753
[2025-12-08 23:37:52] Total procesadas: 4753
[2025-12-08 23:38:54] === INICIANDO SINCRONIZACIÓN ===
[2025-12-08 23:38:54] Conexiones establecidas
[2025-12-08 23:38:54] Total órdenes en lycaios_pos.ordenes: 4754
[2025-12-08 23:38:54] Total órdenes en ayuntamiento.ordenes_backup: 4755
[2025-12-08 23:38:54] ✓ Insertada orden: 0006161
[2025-12-08 23:38:54] === SINCRONIZACIÓN COMPLETADA ===
[2025-12-08 23:38:54] Órdenes insertadas: 1
[2025-12-08 23:38:54] Órdenes omitidas (ya existían): 4753
[2025-12-08 23:38:54] Total procesadas: 4754
[2025-12-08 23:39:56] === INICIANDO SINCRONIZACIÓN ===
[2025-12-08 23:39:56] Conexiones establecidas
[2025-12-08 23:39:56] Total órdenes en lycaios_pos.ordenes: 4754
[2025-12-08 23:39:56] Total órdenes en ayuntamiento.ordenes_backup: 4756
[2025-12-08 23:39:56] === SINCRONIZACIÓN COMPLETADA ===
[2025-12-08 23:39:56] Órdenes insertadas: 0
[2025-12-08 23:39:56] Órdenes omitidas (ya existían): 4754
[2025-12-08 23:39:56] Total procesadas: 4754
[2025-12-08 23:40:58] === INICIANDO SINCRONIZACIÓN ===
[2025-12-08 23:40:58] Conexiones establecidas
[2025-12-08 23:40:58] Total órdenes en lycaios_pos.ordenes: 4754
[2025-12-08 23:40:58] Total órdenes en ayuntamiento.ordenes_backup: 4756
[2025-12-08 23:40:58] === SINCRONIZACIÓN COMPLETADA ===
[2025-12-08 23:40:58] Órdenes insertadas: 0
[2025-12-08 23:40:58] Órdenes omitidas (ya existían): 4754
[2025-12-08 23:40:58] Total procesadas: 4754
[2025-12-08 23:42:00] === INICIANDO SINCRONIZACIÓN ===
[2025-12-08 23:42:00] Conexiones establecidas
[2025-12-08 23:42:00] Total órdenes en lycaios_pos.ordenes: 4754
[2025-12-08 23:42:00] Total órdenes en ayuntamiento.ordenes_backup: 4756
[2025-12-08 23:42:00] === SINCRONIZACIÓN COMPLETADA ===
[2025-12-08 23:42:00] Órdenes insertadas: 0
[2025-12-08 23:42:00] Órdenes omitidas (ya existían): 4754
[2025-12-08 23:42:00] Total procesadas: 4754
[2025-12-08 23:43:02] === INICIANDO SINCRONIZACIÓN ===
[2025-12-08 23:43:02] Conexiones establecidas
[2025-12-08 23:43:02] Total órdenes en lycaios_pos.ordenes: 4754
[2025-12-08 23:43:02] Total órdenes en ayuntamiento.ordenes_backup: 4756
[2025-12-08 23:43:02] === SINCRONIZACIÓN COMPLETADA ===
[2025-12-08 23:43:02] Órdenes insertadas: 0
[2025-12-08 23:43:02] Órdenes omitidas (ya existían): 4754
[2025-12-08 23:43:02] Total procesadas: 4754
[2025-12-08 23:44:04] === INICIANDO SINCRONIZACIÓN ===
[2025-12-08 23:44:04] Conexiones establecidas
[2025-12-08 23:44:04] Total órdenes en lycaios_pos.ordenes: 4754
[2025-12-08 23:44:04] Total órdenes en ayuntamiento.ordenes_backup: 4756
[2025-12-08 23:44:04] === SINCRONIZACIÓN COMPLETADA ===
[2025-12-08 23:44:04] Órdenes insertadas: 0
[2025-12-08 23:44:04] Órdenes omitidas (ya existían): 4754
[2025-12-08 23:44:04] Total procesadas: 4754
[2025-12-08 23:45:06] === INICIANDO SINCRONIZACIÓN ===
[2025-12-08 23:45:06] Conexiones establecidas
[2025-12-08 23:45:06] Total órdenes en lycaios_pos.ordenes: 4754
[2025-12-08 23:45:06] Total órdenes en ayuntamiento.ordenes_backup: 4756
[2025-12-08 23:45:06] === SINCRONIZACIÓN COMPLETADA ===
[2025-12-08 23:45:06] Órdenes insertadas: 0
[2025-12-08 23:45:06] Órdenes omitidas (ya existían): 4754
[2025-12-08 23:45:06] Total procesadas: 4754
[2025-12-08 23:46:08] === INICIANDO SINCRONIZACIÓN ===
[2025-12-08 23:46:08] Conexiones establecidas
[2025-12-08 23:46:08] Total órdenes en lycaios_pos.ordenes: 4754
[2025-12-08 23:46:08] Total órdenes en ayuntamiento.ordenes_backup: 4756
[2025-12-08 23:46:08] === SINCRONIZACIÓN COMPLETADA ===
[2025-12-08 23:46:08] Órdenes insertadas: 0
[2025-12-08 23:46:08] Órdenes omitidas (ya existían): 4754
[2025-12-08 23:46:08] Total procesadas: 4754
[2025-12-08 23:47:10] === INICIANDO SINCRONIZACIÓN ===
[2025-12-08 23:47:10] Conexiones establecidas
[2025-12-08 23:47:10] Total órdenes en lycaios_pos.ordenes: 4754
[2025-12-08 23:47:10] Total órdenes en ayuntamiento.ordenes_backup: 4756
[2025-12-08 23:47:10] === SINCRONIZACIÓN COMPLETADA ===
[2025-12-08 23:47:10] Órdenes insertadas: 0
[2025-12-08 23:47:10] Órdenes omitidas (ya existían): 4754
[2025-12-08 23:47:10] Total procesadas: 4754
[2025-12-08 23:48:12] === INICIANDO SINCRONIZACIÓN ===
[2025-12-08 23:48:12] Conexiones establecidas
[2025-12-08 23:48:12] Total órdenes en lycaios_pos.ordenes: 4754
[2025-12-08 23:48:12] Total órdenes en ayuntamiento.ordenes_backup: 4756
[2025-12-08 23:48:12] === SINCRONIZACIÓN COMPLETADA ===
[2025-12-08 23:48:12] Órdenes insertadas: 0
[2025-12-08 23:48:12] Órdenes omitidas (ya existían): 4754
[2025-12-08 23:48:12] Total procesadas: 4754
[2025-12-08 23:49:14] === INICIANDO SINCRONIZACIÓN ===
[2025-12-08 23:49:14] Conexiones establecidas
[2025-12-08 23:49:14] Total órdenes en lycaios_pos.ordenes: 4754
[2025-12-08 23:49:14] Total órdenes en ayuntamiento.ordenes_backup: 4756
[2025-12-08 23:49:14] === SINCRONIZACIÓN COMPLETADA ===
[2025-12-08 23:49:14] Órdenes insertadas: 0
[2025-12-08 23:49:14] Órdenes omitidas (ya existían): 4754
[2025-12-08 23:49:14] Total procesadas: 4754
[2025-12-08 23:50:16] === INICIANDO SINCRONIZACIÓN ===
[2025-12-08 23:50:16] Conexiones establecidas
[2025-12-08 23:50:16] Total órdenes en lycaios_pos.ordenes: 4754
[2025-12-08 23:50:16] Total órdenes en ayuntamiento.ordenes_backup: 4756
[2025-12-08 23:50:16] === SINCRONIZACIÓN COMPLETADA ===
[2025-12-08 23:50:16] Órdenes insertadas: 0
[2025-12-08 23:50:16] Órdenes omitidas (ya existían): 4754
[2025-12-08 23:50:16] Total procesadas: 4754
[2025-12-08 23:51:18] === INICIANDO SINCRONIZACIÓN ===
[2025-12-08 23:51:18] Conexiones establecidas
[2025-12-08 23:51:18] Total órdenes en lycaios_pos.ordenes: 4754
[2025-12-08 23:51:18] Total órdenes en ayuntamiento.ordenes_backup: 4756
[2025-12-08 23:51:18] === SINCRONIZACIÓN COMPLETADA ===
[2025-12-08 23:51:18] Órdenes insertadas: 0
[2025-12-08 23:51:18] Órdenes omitidas (ya existían): 4754
[2025-12-08 23:51:18] Total procesadas: 4754
[2025-12-08 23:52:20] === INICIANDO SINCRONIZACIÓN ===
[2025-12-08 23:52:20] Conexiones establecidas
[2025-12-08 23:52:20] Total órdenes en lycaios_pos.ordenes: 4754
[2025-12-08 23:52:20] Total órdenes en ayuntamiento.ordenes_backup: 4756
[2025-12-08 23:52:20] === SINCRONIZACIÓN COMPLETADA ===
[2025-12-08 23:52:20] Órdenes insertadas: 0
[2025-12-08 23:52:20] Órdenes omitidas (ya existían): 4754
[2025-12-08 23:52:20] Total procesadas: 4754
[2025-12-08 23:53:22] === INICIANDO SINCRONIZACIÓN ===
[2025-12-08 23:53:22] Conexiones establecidas
[2025-12-08 23:53:22] Total órdenes en lycaios_pos.ordenes: 4754
[2025-12-08 23:53:22] Total órdenes en ayuntamiento.ordenes_backup: 4756
[2025-12-08 23:53:22] === SINCRONIZACIÓN COMPLETADA ===
[2025-12-08 23:53:22] Órdenes insertadas: 0
[2025-12-08 23:53:22] Órdenes omitidas (ya existían): 4754
[2025-12-08 23:53:22] Total procesadas: 4754
[2025-12-08 23:54:25] === INICIANDO SINCRONIZACIÓN ===
[2025-12-08 23:54:25] Conexiones establecidas
[2025-12-08 23:54:25] Total órdenes en lycaios_pos.ordenes: 4754
[2025-12-08 23:54:25] Total órdenes en ayuntamiento.ordenes_backup: 4756
[2025-12-08 23:54:25] === SINCRONIZACIÓN COMPLETADA ===
[2025-12-08 23:54:25] Órdenes insertadas: 0
[2025-12-08 23:54:25] Órdenes omitidas (ya existían): 4754
[2025-12-08 23:54:25] Total procesadas: 4754
[2025-12-08 23:55:27] === INICIANDO SINCRONIZACIÓN ===
[2025-12-08 23:55:27] Conexiones establecidas
[2025-12-08 23:55:27] Total órdenes en lycaios_pos.ordenes: 4754
[2025-12-08 23:55:27] Total órdenes en ayuntamiento.ordenes_backup: 4756
[2025-12-08 23:55:27] === SINCRONIZACIÓN COMPLETADA ===
[2025-12-08 23:55:27] Órdenes insertadas: 0
[2025-12-08 23:55:27] Órdenes omitidas (ya existían): 4754
[2025-12-08 23:55:27] Total procesadas: 4754
[2025-12-08 23:56:31] === INICIANDO SINCRONIZACIÓN ===
[2025-12-08 23:56:31] Conexiones establecidas
[2025-12-08 23:56:31] Total órdenes en lycaios_pos.ordenes: 4754
[2025-12-08 23:56:31] Total órdenes en ayuntamiento.ordenes_backup: 4756
[2025-12-08 23:56:31] === SINCRONIZACIÓN COMPLETADA ===
[2025-12-08 23:56:31] Órdenes insertadas: 0
[2025-12-08 23:56:31] Órdenes omitidas (ya existían): 4754
[2025-12-08 23:56:31] Total procesadas: 4754
[2025-12-08 23:57:33] === INICIANDO SINCRONIZACIÓN ===
[2025-12-08 23:57:33] Conexiones establecidas
[2025-12-08 23:57:33] Total órdenes en lycaios_pos.ordenes: 4754
[2025-12-08 23:57:33] Total órdenes en ayuntamiento.ordenes_backup: 4756
[2025-12-08 23:57:33] === SINCRONIZACIÓN COMPLETADA ===
[2025-12-08 23:57:33] Órdenes insertadas: 0
[2025-12-08 23:57:33] Órdenes omitidas (ya existían): 4754
[2025-12-08 23:57:33] Total procesadas: 4754
[2025-12-08 23:58:35] === INICIANDO SINCRONIZACIÓN ===
[2025-12-08 23:58:35] Conexiones establecidas
[2025-12-08 23:58:35] Total órdenes en lycaios_pos.ordenes: 4754
[2025-12-08 23:58:35] Total órdenes en ayuntamiento.ordenes_backup: 4756
[2025-12-08 23:58:35] === SINCRONIZACIÓN COMPLETADA ===
[2025-12-08 23:58:35] Órdenes insertadas: 0
[2025-12-08 23:58:35] Órdenes omitidas (ya existían): 4754
[2025-12-08 23:58:35] Total procesadas: 4754
[2025-12-08 23:59:37] === INICIANDO SINCRONIZACIÓN ===
[2025-12-08 23:59:37] Conexiones establecidas
[2025-12-08 23:59:37] Total órdenes en lycaios_pos.ordenes: 4754
[2025-12-08 23:59:37] Total órdenes en ayuntamiento.ordenes_backup: 4756
[2025-12-08 23:59:37] === SINCRONIZACIÓN COMPLETADA ===
[2025-12-08 23:59:37] Órdenes insertadas: 0
[2025-12-08 23:59:37] Órdenes omitidas (ya existían): 4754
[2025-12-08 23:59:37] Total procesadas: 4754
[2025-12-09 00:00:39] === INICIANDO SINCRONIZACIÓN ===
[2025-12-09 00:00:39] Conexiones establecidas
[2025-12-09 00:00:39] Total órdenes en lycaios_pos.ordenes: 4754
[2025-12-09 00:00:39] Total órdenes en ayuntamiento.ordenes_backup: 4756
[2025-12-09 00:00:39] === SINCRONIZACIÓN COMPLETADA ===
[2025-12-09 00:00:39] Órdenes insertadas: 0
[2025-12-09 00:00:39] Órdenes omitidas (ya existían): 4754
[2025-12-09 00:00:39] Total procesadas: 4754
[2025-12-09 00:01:41] === INICIANDO SINCRONIZACIÓN ===
[2025-12-09 00:01:41] Conexiones establecidas
[2025-12-09 00:01:41] Total órdenes en lycaios_pos.ordenes: 4754
[2025-12-09 00:01:41] Total órdenes en ayuntamiento.ordenes_backup: 4756
[2025-12-09 00:01:41] === SINCRONIZACIÓN COMPLETADA ===
[2025-12-09 00:01:41] Órdenes insertadas: 0
[2025-12-09 00:01:41] Órdenes omitidas (ya existían): 4754
[2025-12-09 00:01:41] Total procesadas: 4754
[2025-12-09 00:02:43] === INICIANDO SINCRONIZACIÓN ===
[2025-12-09 00:02:43] Conexiones establecidas
[2025-12-09 00:02:43] Total órdenes en lycaios_pos.ordenes: 4754
[2025-12-09 00:02:43] Total órdenes en ayuntamiento.ordenes_backup: 4756
[2025-12-09 00:02:43] === SINCRONIZACIÓN COMPLETADA ===
[2025-12-09 00:02:43] Órdenes insertadas: 0
[2025-12-09 00:02:43] Órdenes omitidas (ya existían): 4754
[2025-12-09 00:02:43] Total procesadas: 4754
[2025-12-09 00:03:45] === INICIANDO SINCRONIZACIÓN ===
[2025-12-09 00:03:45] Conexiones establecidas
[2025-12-09 00:03:45] Total órdenes en lycaios_pos.ordenes: 4754
[2025-12-09 00:03:45] Total órdenes en ayuntamiento.ordenes_backup: 4756
[2025-12-09 00:03:45] === SINCRONIZACIÓN COMPLETADA ===
[2025-12-09 00:03:45] Órdenes insertadas: 0
[2025-12-09 00:03:45] Órdenes omitidas (ya existían): 4754
[2025-12-09 00:03:45] Total procesadas: 4754
[2025-12-09 00:04:47] === INICIANDO SINCRONIZACIÓN ===
[2025-12-09 00:04:47] Conexiones establecidas
[2025-12-09 00:04:47] Total órdenes en lycaios_pos.ordenes: 4754
[2025-12-09 00:04:47] Total órdenes en ayuntamiento.ordenes_backup: 4756
[2025-12-09 00:04:47] === SINCRONIZACIÓN COMPLETADA ===
[2025-12-09 00:04:47] Órdenes insertadas: 0
[2025-12-09 00:04:47] Órdenes omitidas (ya existían): 4754
[2025-12-09 00:04:47] Total procesadas: 4754
[2025-12-09 00:05:49] === INICIANDO SINCRONIZACIÓN ===
[2025-12-09 00:05:49] Conexiones establecidas
[2025-12-09 00:05:49] Total órdenes en lycaios_pos.ordenes: 4754
[2025-12-09 00:05:49] Total órdenes en ayuntamiento.ordenes_backup: 4756
[2025-12-09 00:05:49] === SINCRONIZACIÓN COMPLETADA ===
[2025-12-09 00:05:49] Órdenes insertadas: 0
[2025-12-09 00:05:49] Órdenes omitidas (ya existían): 4754
[2025-12-09 00:05:49] Total procesadas: 4754
[2025-12-09 00:06:51] === INICIANDO SINCRONIZACIÓN ===
[2025-12-09 00:06:51] Conexiones establecidas
[2025-12-09 00:06:51] Total órdenes en lycaios_pos.ordenes: 4754
[2025-12-09 00:06:51] Total órdenes en ayuntamiento.ordenes_backup: 4756
[2025-12-09 00:06:51] === SINCRONIZACIÓN COMPLETADA ===
[2025-12-09 00:06:51] Órdenes insertadas: 0
[2025-12-09 00:06:51] Órdenes omitidas (ya existían): 4754
[2025-12-09 00:06:51] Total procesadas: 4754
[2025-12-09 00:07:53] === INICIANDO SINCRONIZACIÓN ===
[2025-12-09 00:07:53] Conexiones establecidas
[2025-12-09 00:07:53] Total órdenes en lycaios_pos.ordenes: 4754
[2025-12-09 00:07:53] Total órdenes en ayuntamiento.ordenes_backup: 4756
[2025-12-09 00:07:53] === SINCRONIZACIÓN COMPLETADA ===
[2025-12-09 00:07:53] Órdenes insertadas: 0
[2025-12-09 00:07:53] Órdenes omitidas (ya existían): 4754
[2025-12-09 00:07:53] Total procesadas: 4754
[2025-12-09 00:08:55] === INICIANDO SINCRONIZACIÓN ===
[2025-12-09 00:08:55] Conexiones establecidas
[2025-12-09 00:08:55] Total órdenes en lycaios_pos.ordenes: 4754
[2025-12-09 00:08:55] Total órdenes en ayuntamiento.ordenes_backup: 4756
[2025-12-09 00:08:55] === SINCRONIZACIÓN COMPLETADA ===
[2025-12-09 00:08:55] Órdenes insertadas: 0
[2025-12-09 00:08:55] Órdenes omitidas (ya existían): 4754
[2025-12-09 00:08:55] Total procesadas: 4754
[2025-12-09 00:09:57] === INICIANDO SINCRONIZACIÓN ===
[2025-12-09 00:09:57] Conexiones establecidas
[2025-12-09 00:09:57] Total órdenes en lycaios_pos.ordenes: 4754
[2025-12-09 00:09:57] Total órdenes en ayuntamiento.ordenes_backup: 4756
[2025-12-09 00:09:57] === SINCRONIZACIÓN COMPLETADA ===
[2025-12-09 00:09:57] Órdenes insertadas: 0
[2025-12-09 00:09:57] Órdenes omitidas (ya existían): 4754
[2025-12-09 00:09:57] Total procesadas: 4754
[2025-12-09 00:10:59] === INICIANDO SINCRONIZACIÓN ===
[2025-12-09 00:10:59] Conexiones establecidas
[2025-12-09 00:10:59] Total órdenes en lycaios_pos.ordenes: 4754
[2025-12-09 00:10:59] Total órdenes en ayuntamiento.ordenes_backup: 4756
[2025-12-09 00:10:59] === SINCRONIZACIÓN COMPLETADA ===
[2025-12-09 00:10:59] Órdenes insertadas: 0
[2025-12-09 00:10:59] Órdenes omitidas (ya existían): 4754
[2025-12-09 00:10:59] Total procesadas: 4754
[2025-12-09 00:12:01] === INICIANDO SINCRONIZACIÓN ===
[2025-12-09 00:12:01] Conexiones establecidas
[2025-12-09 00:12:01] Total órdenes en lycaios_pos.ordenes: 4754
[2025-12-09 00:12:01] Total órdenes en ayuntamiento.ordenes_backup: 4756
[2025-12-09 00:12:01] === SINCRONIZACIÓN COMPLETADA ===
[2025-12-09 00:12:01] Órdenes insertadas: 0
[2025-12-09 00:12:01] Órdenes omitidas (ya existían): 4754
[2025-12-09 00:12:01] Total procesadas: 4754
[2025-12-09 00:13:03] === INICIANDO SINCRONIZACIÓN ===
[2025-12-09 00:13:03] Conexiones establecidas
[2025-12-09 00:13:03] Total órdenes en lycaios_pos.ordenes: 4754
[2025-12-09 00:13:03] Total órdenes en ayuntamiento.ordenes_backup: 4756
[2025-12-09 00:13:03] === SINCRONIZACIÓN COMPLETADA ===
[2025-12-09 00:13:03] Órdenes insertadas: 0
[2025-12-09 00:13:03] Órdenes omitidas (ya existían): 4754
[2025-12-09 00:13:03] Total procesadas: 4754
[2025-12-09 00:14:05] === INICIANDO SINCRONIZACIÓN ===
[2025-12-09 00:14:05] Conexiones establecidas
[2025-12-09 00:14:05] Total órdenes en lycaios_pos.ordenes: 4754
[2025-12-09 00:14:05] Total órdenes en ayuntamiento.ordenes_backup: 4756
[2025-12-09 00:14:05] === SINCRONIZACIÓN COMPLETADA ===
[2025-12-09 00:14:05] Órdenes insertadas: 0
[2025-12-09 00:14:05] Órdenes omitidas (ya existían): 4754
[2025-12-09 00:14:05] Total procesadas: 4754
[2025-12-09 00:15:07] === INICIANDO SINCRONIZACIÓN ===
[2025-12-09 00:15:07] Conexiones establecidas
[2025-12-09 00:15:07] Total órdenes en lycaios_pos.ordenes: 4754
[2025-12-09 00:15:07] Total órdenes en ayuntamiento.ordenes_backup: 4756
[2025-12-09 00:15:07] === SINCRONIZACIÓN COMPLETADA ===
[2025-12-09 00:15:07] Órdenes insertadas: 0
[2025-12-09 00:15:07] Órdenes omitidas (ya existían): 4754
[2025-12-09 00:15:07] Total procesadas: 4754
[2025-12-09 00:16:09] === INICIANDO SINCRONIZACIÓN ===
[2025-12-09 00:16:09] Conexiones establecidas
[2025-12-09 00:16:09] Total órdenes en lycaios_pos.ordenes: 4754
[2025-12-09 00:16:09] Total órdenes en ayuntamiento.ordenes_backup: 4756
[2025-12-09 00:16:09] === SINCRONIZACIÓN COMPLETADA ===
[2025-12-09 00:16:09] Órdenes insertadas: 0
[2025-12-09 00:16:09] Órdenes omitidas (ya existían): 4754
[2025-12-09 00:16:09] Total procesadas: 4754
[2025-12-09 00:17:11] === INICIANDO SINCRONIZACIÓN ===
[2025-12-09 00:17:11] Conexiones establecidas
[2025-12-09 00:17:11] Total órdenes en lycaios_pos.ordenes: 4754
[2025-12-09 00:17:11] Total órdenes en ayuntamiento.ordenes_backup: 4756
[2025-12-09 00:17:11] === SINCRONIZACIÓN COMPLETADA ===
[2025-12-09 00:17:11] Órdenes insertadas: 0
[2025-12-09 00:17:11] Órdenes omitidas (ya existían): 4754
[2025-12-09 00:17:11] Total procesadas: 4754
[2025-12-09 00:18:13] === INICIANDO SINCRONIZACIÓN ===
[2025-12-09 00:18:13] Conexiones establecidas
[2025-12-09 00:18:13] Total órdenes en lycaios_pos.ordenes: 4754
[2025-12-09 00:18:13] Total órdenes en ayuntamiento.ordenes_backup: 4756
[2025-12-09 00:18:13] === SINCRONIZACIÓN COMPLETADA ===
[2025-12-09 00:18:13] Órdenes insertadas: 0
[2025-12-09 00:18:13] Órdenes omitidas (ya existían): 4754
[2025-12-09 00:18:13] Total procesadas: 4754
[2025-12-09 00:19:15] === INICIANDO SINCRONIZACIÓN ===
[2025-12-09 00:19:15] Conexiones establecidas
[2025-12-09 00:19:15] Total órdenes en lycaios_pos.ordenes: 4754
[2025-12-09 00:19:15] Total órdenes en ayuntamiento.ordenes_backup: 4756
[2025-12-09 00:19:15] === SINCRONIZACIÓN COMPLETADA ===
[2025-12-09 00:19:15] Órdenes insertadas: 0
[2025-12-09 00:19:15] Órdenes omitidas (ya existían): 4754
[2025-12-09 00:19:15] Total procesadas: 4754
[2025-12-09 00:20:17] === INICIANDO SINCRONIZACIÓN ===
[2025-12-09 00:20:17] Conexiones establecidas
[2025-12-09 00:20:17] Total órdenes en lycaios_pos.ordenes: 4754
[2025-12-09 00:20:17] Total órdenes en ayuntamiento.ordenes_backup: 4756
[2025-12-09 00:20:17] === SINCRONIZACIÓN COMPLETADA ===
[2025-12-09 00:20:17] Órdenes insertadas: 0
[2025-12-09 00:20:17] Órdenes omitidas (ya existían): 4754
[2025-12-09 00:20:17] Total procesadas: 4754
[2025-12-09 00:21:19] === INICIANDO SINCRONIZACIÓN ===
[2025-12-09 00:21:19] Conexiones establecidas
[2025-12-09 00:21:19] Total órdenes en lycaios_pos.ordenes: 4754
[2025-12-09 00:21:19] Total órdenes en ayuntamiento.ordenes_backup: 4756
[2025-12-09 00:21:19] === SINCRONIZACIÓN COMPLETADA ===
[2025-12-09 00:21:19] Órdenes insertadas: 0
[2025-12-09 00:21:19] Órdenes omitidas (ya existían): 4754
[2025-12-09 00:21:19] Total procesadas: 4754
[2025-12-09 00:22:21] === INICIANDO SINCRONIZACIÓN ===
[2025-12-09 00:22:21] Conexiones establecidas
[2025-12-09 00:22:21] Total órdenes en lycaios_pos.ordenes: 4754
[2025-12-09 00:22:21] Total órdenes en ayuntamiento.ordenes_backup: 4756
[2025-12-09 00:22:21] === SINCRONIZACIÓN COMPLETADA ===
[2025-12-09 00:22:21] Órdenes insertadas: 0
[2025-12-09 00:22:21] Órdenes omitidas (ya existían): 4754
[2025-12-09 00:22:21] Total procesadas: 4754
[2025-12-09 00:23:23] === INICIANDO SINCRONIZACIÓN ===
[2025-12-09 00:23:23] Conexiones establecidas
[2025-12-09 00:23:23] Total órdenes en lycaios_pos.ordenes: 4754
[2025-12-09 00:23:23] Total órdenes en ayuntamiento.ordenes_backup: 4756
[2025-12-09 00:23:23] === SINCRONIZACIÓN COMPLETADA ===
[2025-12-09 00:23:23] Órdenes insertadas: 0
[2025-12-09 00:23:23] Órdenes omitidas (ya existían): 4754
[2025-12-09 00:23:23] Total procesadas: 4754
[2025-12-09 00:24:25] === INICIANDO SINCRONIZACIÓN ===
[2025-12-09 00:24:25] Conexiones establecidas
[2025-12-09 00:24:25] Total órdenes en lycaios_pos.ordenes: 4754
[2025-12-09 00:24:25] Total órdenes en ayuntamiento.ordenes_backup: 4756
[2025-12-09 00:24:25] === SINCRONIZACIÓN COMPLETADA ===
[2025-12-09 00:24:25] Órdenes insertadas: 0
[2025-12-09 00:24:25] Órdenes omitidas (ya existían): 4754
[2025-12-09 00:24:25] Total procesadas: 4754
[2025-12-09 00:25:27] === INICIANDO SINCRONIZACIÓN ===
[2025-12-09 00:25:27] Conexiones establecidas
[2025-12-09 00:25:27] Total órdenes en lycaios_pos.ordenes: 4754
[2025-12-09 00:25:27] Total órdenes en ayuntamiento.ordenes_backup: 4756
[2025-12-09 00:25:27] === SINCRONIZACIÓN COMPLETADA ===
[2025-12-09 00:25:27] Órdenes insertadas: 0
[2025-12-09 00:25:27] Órdenes omitidas (ya existían): 4754
[2025-12-09 00:25:27] Total procesadas: 4754
[2025-12-09 00:26:29] === INICIANDO SINCRONIZACIÓN ===
[2025-12-09 00:26:29] Conexiones establecidas
[2025-12-09 00:26:29] Total órdenes en lycaios_pos.ordenes: 4754
[2025-12-09 00:26:29] Total órdenes en ayuntamiento.ordenes_backup: 4756
[2025-12-09 00:26:29] === SINCRONIZACIÓN COMPLETADA ===
[2025-12-09 00:26:29] Órdenes insertadas: 0
[2025-12-09 00:26:29] Órdenes omitidas (ya existían): 4754
[2025-12-09 00:26:29] Total procesadas: 4754
[2025-12-09 00:27:31] === INICIANDO SINCRONIZACIÓN ===
[2025-12-09 00:27:31] Conexiones establecidas
[2025-12-09 00:27:31] Total órdenes en lycaios_pos.ordenes: 4754
[2025-12-09 00:27:31] Total órdenes en ayuntamiento.ordenes_backup: 4756
[2025-12-09 00:27:31] === SINCRONIZACIÓN COMPLETADA ===
[2025-12-09 00:27:31] Órdenes insertadas: 0
[2025-12-09 00:27:31] Órdenes omitidas (ya existían): 4754
[2025-12-09 00:27:31] Total procesadas: 4754
[2025-12-09 00:28:33] === INICIANDO SINCRONIZACIÓN ===
[2025-12-09 00:28:33] Conexiones establecidas
[2025-12-09 00:28:33] Total órdenes en lycaios_pos.ordenes: 4754
[2025-12-09 00:28:33] Total órdenes en ayuntamiento.ordenes_backup: 4756
[2025-12-09 00:28:33] === SINCRONIZACIÓN COMPLETADA ===
[2025-12-09 00:28:33] Órdenes insertadas: 0
[2025-12-09 00:28:33] Órdenes omitidas (ya existían): 4754
[2025-12-09 00:28:33] Total procesadas: 4754
[2025-12-09 00:29:35] === INICIANDO SINCRONIZACIÓN ===
[2025-12-09 00:29:35] Conexiones establecidas
[2025-12-09 00:29:35] Total órdenes en lycaios_pos.ordenes: 4754
[2025-12-09 00:29:35] Total órdenes en ayuntamiento.ordenes_backup: 4756
[2025-12-09 00:29:35] === SINCRONIZACIÓN COMPLETADA ===
[2025-12-09 00:29:35] Órdenes insertadas: 0
[2025-12-09 00:29:35] Órdenes omitidas (ya existían): 4754
[2025-12-09 00:29:35] Total procesadas: 4754
[2025-12-09 00:30:37] === INICIANDO SINCRONIZACIÓN ===
[2025-12-09 00:30:37] Conexiones establecidas
[2025-12-09 00:30:37] Total órdenes en lycaios_pos.ordenes: 4754
[2025-12-09 00:30:37] Total órdenes en ayuntamiento.ordenes_backup: 4756
[2025-12-09 00:30:37] === SINCRONIZACIÓN COMPLETADA ===
[2025-12-09 00:30:37] Órdenes insertadas: 0
[2025-12-09 00:30:37] Órdenes omitidas (ya existían): 4754
[2025-12-09 00:30:37] Total procesadas: 4754
[2025-12-09 00:31:39] === INICIANDO SINCRONIZACIÓN ===
[2025-12-09 00:31:39] Conexiones establecidas
[2025-12-09 00:31:39] Total órdenes en lycaios_pos.ordenes: 4754
[2025-12-09 00:31:39] Total órdenes en ayuntamiento.ordenes_backup: 4756
[2025-12-09 00:31:39] === SINCRONIZACIÓN COMPLETADA ===
[2025-12-09 00:31:39] Órdenes insertadas: 0
[2025-12-09 00:31:39] Órdenes omitidas (ya existían): 4754
[2025-12-09 00:31:39] Total procesadas: 4754
[2025-12-09 00:32:41] === INICIANDO SINCRONIZACIÓN ===
[2025-12-09 00:32:41] Conexiones establecidas
[2025-12-09 00:32:41] Total órdenes en lycaios_pos.ordenes: 4754
[2025-12-09 00:32:41] Total órdenes en ayuntamiento.ordenes_backup: 4756
[2025-12-09 00:32:41] === SINCRONIZACIÓN COMPLETADA ===
[2025-12-09 00:32:41] Órdenes insertadas: 0
[2025-12-09 00:32:41] Órdenes omitidas (ya existían): 4754
[2025-12-09 00:32:41] Total procesadas: 4754
[2025-12-09 00:33:43] === INICIANDO SINCRONIZACIÓN ===
[2025-12-09 00:33:43] Conexiones establecidas
[2025-12-09 00:33:43] Total órdenes en lycaios_pos.ordenes: 4754
[2025-12-09 00:33:43] Total órdenes en ayuntamiento.ordenes_backup: 4756
[2025-12-09 00:33:43] === SINCRONIZACIÓN COMPLETADA ===
[2025-12-09 00:33:43] Órdenes insertadas: 0
[2025-12-09 00:33:43] Órdenes omitidas (ya existían): 4754
[2025-12-09 00:33:43] Total procesadas: 4754
[2025-12-09 00:34:45] === INICIANDO SINCRONIZACIÓN ===
[2025-12-09 00:34:45] Conexiones establecidas
[2025-12-09 00:34:45] Total órdenes en lycaios_pos.ordenes: 4754
[2025-12-09 00:34:45] Total órdenes en ayuntamiento.ordenes_backup: 4756
[2025-12-09 00:34:45] === SINCRONIZACIÓN COMPLETADA ===
[2025-12-09 00:34:45] Órdenes insertadas: 0
[2025-12-09 00:34:45] Órdenes omitidas (ya existían): 4754
[2025-12-09 00:34:45] Total procesadas: 4754
[2025-12-09 00:35:47] === INICIANDO SINCRONIZACIÓN ===
[2025-12-09 00:35:47] Conexiones establecidas
[2025-12-09 00:35:47] Total órdenes en lycaios_pos.ordenes: 4754
[2025-12-09 00:35:47] Total órdenes en ayuntamiento.ordenes_backup: 4756
[2025-12-09 00:35:47] === SINCRONIZACIÓN COMPLETADA ===
[2025-12-09 00:35:47] Órdenes insertadas: 0
[2025-12-09 00:35:47] Órdenes omitidas (ya existían): 4754
[2025-12-09 00:35:47] Total procesadas: 4754
[2025-12-09 00:36:49] === INICIANDO SINCRONIZACIÓN ===
[2025-12-09 00:36:49] Conexiones establecidas
[2025-12-09 00:36:49] Total órdenes en lycaios_pos.ordenes: 4754
[2025-12-09 00:36:49] Total órdenes en ayuntamiento.ordenes_backup: 4756
[2025-12-09 00:36:49] === SINCRONIZACIÓN COMPLETADA ===
[2025-12-09 00:36:49] Órdenes insertadas: 0
[2025-12-09 00:36:49] Órdenes omitidas (ya existían): 4754
[2025-12-09 00:36:49] Total procesadas: 4754
[2025-12-09 00:37:51] === INICIANDO SINCRONIZACIÓN ===
[2025-12-09 00:37:51] Conexiones establecidas
[2025-12-09 00:37:51] Total órdenes en lycaios_pos.ordenes: 4754
[2025-12-09 00:37:51] Total órdenes en ayuntamiento.ordenes_backup: 4756
[2025-12-09 00:37:51] === SINCRONIZACIÓN COMPLETADA ===
[2025-12-09 00:37:51] Órdenes insertadas: 0
[2025-12-09 00:37:51] Órdenes omitidas (ya existían): 4754
[2025-12-09 00:37:51] Total procesadas: 4754
[2025-12-09 00:38:53] === INICIANDO SINCRONIZACIÓN ===
[2025-12-09 00:38:53] Conexiones establecidas
[2025-12-09 00:38:53] Total órdenes en lycaios_pos.ordenes: 4754
[2025-12-09 00:38:53] Total órdenes en ayuntamiento.ordenes_backup: 4756
[2025-12-09 00:38:53] === SINCRONIZACIÓN COMPLETADA ===
[2025-12-09 00:38:53] Órdenes insertadas: 0
[2025-12-09 00:38:53] Órdenes omitidas (ya existían): 4754
[2025-12-09 00:38:53] Total procesadas: 4754
[2025-12-09 00:39:55] === INICIANDO SINCRONIZACIÓN ===
[2025-12-09 00:39:55] Conexiones establecidas
[2025-12-09 00:39:55] Total órdenes en lycaios_pos.ordenes: 4754
[2025-12-09 00:39:55] Total órdenes en ayuntamiento.ordenes_backup: 4756
[2025-12-09 00:39:55] === SINCRONIZACIÓN COMPLETADA ===
[2025-12-09 00:39:55] Órdenes insertadas: 0
[2025-12-09 00:39:55] Órdenes omitidas (ya existían): 4754
[2025-12-09 00:39:55] Total procesadas: 4754
[2025-12-09 00:40:57] === INICIANDO SINCRONIZACIÓN ===
[2025-12-09 00:40:57] Conexiones establecidas
[2025-12-09 00:40:57] Total órdenes en lycaios_pos.ordenes: 4754
[2025-12-09 00:40:57] Total órdenes en ayuntamiento.ordenes_backup: 4756
[2025-12-09 00:40:57] === SINCRONIZACIÓN COMPLETADA ===
[2025-12-09 00:40:57] Órdenes insertadas: 0
[2025-12-09 00:40:57] Órdenes omitidas (ya existían): 4754
[2025-12-09 00:40:57] Total procesadas: 4754
[2025-12-09 00:41:59] === INICIANDO SINCRONIZACIÓN ===
[2025-12-09 00:41:59] Conexiones establecidas
[2025-12-09 00:41:59] Total órdenes en lycaios_pos.ordenes: 4754
[2025-12-09 00:41:59] Total órdenes en ayuntamiento.ordenes_backup: 4756
[2025-12-09 00:41:59] === SINCRONIZACIÓN COMPLETADA ===
[2025-12-09 00:41:59] Órdenes insertadas: 0
[2025-12-09 00:41:59] Órdenes omitidas (ya existían): 4754
[2025-12-09 00:41:59] Total procesadas: 4754
[2025-12-09 00:43:01] === INICIANDO SINCRONIZACIÓN ===
[2025-12-09 00:43:01] Conexiones establecidas
[2025-12-09 00:43:01] Total órdenes en lycaios_pos.ordenes: 4754
[2025-12-09 00:43:01] Total órdenes en ayuntamiento.ordenes_backup: 4756
[2025-12-09 00:43:01] === SINCRONIZACIÓN COMPLETADA ===
[2025-12-09 00:43:01] Órdenes insertadas: 0
[2025-12-09 00:43:01] Órdenes omitidas (ya existían): 4754
[2025-12-09 00:43:01] Total procesadas: 4754
[2025-12-09 00:44:03] === INICIANDO SINCRONIZACIÓN ===
[2025-12-09 00:44:03] Conexiones establecidas
[2025-12-09 00:44:03] Total órdenes en lycaios_pos.ordenes: 4754
[2025-12-09 00:44:03] Total órdenes en ayuntamiento.ordenes_backup: 4756
[2025-12-09 00:44:03] === SINCRONIZACIÓN COMPLETADA ===
[2025-12-09 00:44:03] Órdenes insertadas: 0
[2025-12-09 00:44:03] Órdenes omitidas (ya existían): 4754
[2025-12-09 00:44:03] Total procesadas: 4754
[2025-12-09 00:45:05] === INICIANDO SINCRONIZACIÓN ===
[2025-12-09 00:45:05] Conexiones establecidas
[2025-12-09 00:45:05] Total órdenes en lycaios_pos.ordenes: 4754
[2025-12-09 00:45:05] Total órdenes en ayuntamiento.ordenes_backup: 4756
[2025-12-09 00:45:05] === SINCRONIZACIÓN COMPLETADA ===
[2025-12-09 00:45:05] Órdenes insertadas: 0
[2025-12-09 00:45:05] Órdenes omitidas (ya existían): 4754
[2025-12-09 00:45:05] Total procesadas: 4754
[2025-12-09 00:46:07] === INICIANDO SINCRONIZACIÓN ===
[2025-12-09 00:46:07] Conexiones establecidas
[2025-12-09 00:46:07] Total órdenes en lycaios_pos.ordenes: 4754
[2025-12-09 00:46:07] Total órdenes en ayuntamiento.ordenes_backup: 4756
[2025-12-09 00:46:07] === SINCRONIZACIÓN COMPLETADA ===
[2025-12-09 00:46:07] Órdenes insertadas: 0
[2025-12-09 00:46:07] Órdenes omitidas (ya existían): 4754
[2025-12-09 00:46:07] Total procesadas: 4754
[2025-12-09 00:47:09] === INICIANDO SINCRONIZACIÓN ===
[2025-12-09 00:47:09] Conexiones establecidas
[2025-12-09 00:47:09] Total órdenes en lycaios_pos.ordenes: 4754
[2025-12-09 00:47:09] Total órdenes en ayuntamiento.ordenes_backup: 4756
[2025-12-09 00:47:09] === SINCRONIZACIÓN COMPLETADA ===
[2025-12-09 00:47:09] Órdenes insertadas: 0
[2025-12-09 00:47:09] Órdenes omitidas (ya existían): 4754
[2025-12-09 00:47:09] Total procesadas: 4754
[2025-12-09 00:48:11] === INICIANDO SINCRONIZACIÓN ===
[2025-12-09 00:48:11] Conexiones establecidas
[2025-12-09 00:48:11] Total órdenes en lycaios_pos.ordenes: 4754
[2025-12-09 00:48:11] Total órdenes en ayuntamiento.ordenes_backup: 4756
[2025-12-09 00:48:11] === SINCRONIZACIÓN COMPLETADA ===
[2025-12-09 00:48:11] Órdenes insertadas: 0
[2025-12-09 00:48:11] Órdenes omitidas (ya existían): 4754
[2025-12-09 00:48:11] Total procesadas: 4754
[2025-12-09 00:49:13] === INICIANDO SINCRONIZACIÓN ===
[2025-12-09 00:49:13] Conexiones establecidas
[2025-12-09 00:49:13] Total órdenes en lycaios_pos.ordenes: 4754
[2025-12-09 00:49:13] Total órdenes en ayuntamiento.ordenes_backup: 4756
[2025-12-09 00:49:13] === SINCRONIZACIÓN COMPLETADA ===
[2025-12-09 00:49:13] Órdenes insertadas: 0
[2025-12-09 00:49:13] Órdenes omitidas (ya existían): 4754
[2025-12-09 00:49:13] Total procesadas: 4754
[2025-12-09 00:50:15] === INICIANDO SINCRONIZACIÓN ===
[2025-12-09 00:50:15] Conexiones establecidas
[2025-12-09 00:50:15] Total órdenes en lycaios_pos.ordenes: 4754
[2025-12-09 00:50:15] Total órdenes en ayuntamiento.ordenes_backup: 4756
[2025-12-09 00:50:15] === SINCRONIZACIÓN COMPLETADA ===
[2025-12-09 00:50:15] Órdenes insertadas: 0
[2025-12-09 00:50:15] Órdenes omitidas (ya existían): 4754
[2025-12-09 00:50:15] Total procesadas: 4754
[2025-12-09 00:51:17] === INICIANDO SINCRONIZACIÓN ===
[2025-12-09 00:51:17] Conexiones establecidas
[2025-12-09 00:51:17] Total órdenes en lycaios_pos.ordenes: 4754
[2025-12-09 00:51:17] Total órdenes en ayuntamiento.ordenes_backup: 4756
[2025-12-09 00:51:17] === SINCRONIZACIÓN COMPLETADA ===
[2025-12-09 00:51:17] Órdenes insertadas: 0
[2025-12-09 00:51:17] Órdenes omitidas (ya existían): 4754
[2025-12-09 00:51:17] Total procesadas: 4754
[2025-12-09 00:52:19] === INICIANDO SINCRONIZACIÓN ===
[2025-12-09 00:52:19] Conexiones establecidas
[2025-12-09 00:52:19] Total órdenes en lycaios_pos.ordenes: 4754
[2025-12-09 00:52:19] Total órdenes en ayuntamiento.ordenes_backup: 4756
[2025-12-09 00:52:19] === SINCRONIZACIÓN COMPLETADA ===
[2025-12-09 00:52:19] Órdenes insertadas: 0
[2025-12-09 00:52:19] Órdenes omitidas (ya existían): 4754
[2025-12-09 00:52:19] Total procesadas: 4754
[2025-12-09 00:53:21] === INICIANDO SINCRONIZACIÓN ===
[2025-12-09 00:53:21] Conexiones establecidas
[2025-12-09 00:53:21] Total órdenes en lycaios_pos.ordenes: 4754
[2025-12-09 00:53:21] Total órdenes en ayuntamiento.ordenes_backup: 4756
[2025-12-09 00:53:21] === SINCRONIZACIÓN COMPLETADA ===
[2025-12-09 00:53:21] Órdenes insertadas: 0
[2025-12-09 00:53:21] Órdenes omitidas (ya existían): 4754
[2025-12-09 00:53:21] Total procesadas: 4754
[2025-12-09 00:54:23] === INICIANDO SINCRONIZACIÓN ===
[2025-12-09 00:54:23] Conexiones establecidas
[2025-12-09 00:54:23] Total órdenes en lycaios_pos.ordenes: 4754
[2025-12-09 00:54:23] Total órdenes en ayuntamiento.ordenes_backup: 4756
[2025-12-09 00:54:23] === SINCRONIZACIÓN COMPLETADA ===
[2025-12-09 00:54:23] Órdenes insertadas: 0
[2025-12-09 00:54:23] Órdenes omitidas (ya existían): 4754
[2025-12-09 00:54:23] Total procesadas: 4754
[2025-12-09 00:55:25] === INICIANDO SINCRONIZACIÓN ===
[2025-12-09 00:55:25] Conexiones establecidas
[2025-12-09 00:55:25] Total órdenes en lycaios_pos.ordenes: 4754
[2025-12-09 00:55:25] Total órdenes en ayuntamiento.ordenes_backup: 4756
[2025-12-09 00:55:25] === SINCRONIZACIÓN COMPLETADA ===
[2025-12-09 00:55:25] Órdenes insertadas: 0
[2025-12-09 00:55:25] Órdenes omitidas (ya existían): 4754
[2025-12-09 00:55:25] Total procesadas: 4754
[2025-12-09 00:56:27] === INICIANDO SINCRONIZACIÓN ===
[2025-12-09 00:56:27] Conexiones establecidas
[2025-12-09 00:56:27] Total órdenes en lycaios_pos.ordenes: 4754
[2025-12-09 00:56:27] Total órdenes en ayuntamiento.ordenes_backup: 4756
[2025-12-09 00:56:27] === SINCRONIZACIÓN COMPLETADA ===
[2025-12-09 00:56:27] Órdenes insertadas: 0
[2025-12-09 00:56:27] Órdenes omitidas (ya existían): 4754
[2025-12-09 00:56:27] Total procesadas: 4754
[2025-12-09 00:57:29] === INICIANDO SINCRONIZACIÓN ===
[2025-12-09 00:57:29] Conexiones establecidas
[2025-12-09 00:57:29] Total órdenes en lycaios_pos.ordenes: 4753
[2025-12-09 00:57:29] Total órdenes en ayuntamiento.ordenes_backup: 4756
[2025-12-09 00:57:29] === SINCRONIZACIÓN COMPLETADA ===
[2025-12-09 00:57:29] Órdenes insertadas: 0
[2025-12-09 00:57:29] Órdenes omitidas (ya existían): 4753
[2025-12-09 00:57:29] Total procesadas: 4753
[2025-12-09 00:58:31] === INICIANDO SINCRONIZACIÓN ===
[2025-12-09 00:58:31] Conexiones establecidas
[2025-12-09 00:58:31] Total órdenes en lycaios_pos.ordenes: 4754
[2025-12-09 00:58:31] Total órdenes en ayuntamiento.ordenes_backup: 4756
[2025-12-09 00:58:31] ✓ Insertada orden: 0006162
[2025-12-09 00:58:31] === SINCRONIZACIÓN COMPLETADA ===
[2025-12-09 00:58:31] Órdenes insertadas: 1
[2025-12-09 00:58:31] Órdenes omitidas (ya existían): 4753
[2025-12-09 00:58:31] Total procesadas: 4754
[2025-12-09 00:59:33] === INICIANDO SINCRONIZACIÓN ===
[2025-12-09 00:59:33] Conexiones establecidas
[2025-12-09 00:59:33] Total órdenes en lycaios_pos.ordenes: 4754
[2025-12-09 00:59:33] Total órdenes en ayuntamiento.ordenes_backup: 4757
[2025-12-09 00:59:33] === SINCRONIZACIÓN COMPLETADA ===
[2025-12-09 00:59:33] Órdenes insertadas: 0
[2025-12-09 00:59:33] Órdenes omitidas (ya existían): 4754
[2025-12-09 00:59:33] Total procesadas: 4754
[2025-12-09 01:00:35] === INICIANDO SINCRONIZACIÓN ===
[2025-12-09 01:00:35] Conexiones establecidas
[2025-12-09 01:00:35] Total órdenes en lycaios_pos.ordenes: 4754
[2025-12-09 01:00:35] Total órdenes en ayuntamiento.ordenes_backup: 4757
[2025-12-09 01:00:35] === SINCRONIZACIÓN COMPLETADA ===
[2025-12-09 01:00:35] Órdenes insertadas: 0
[2025-12-09 01:00:35] Órdenes omitidas (ya existían): 4754
[2025-12-09 01:00:35] Total procesadas: 4754
[2025-12-09 01:01:37] === INICIANDO SINCRONIZACIÓN ===
[2025-12-09 01:01:37] Conexiones establecidas
[2025-12-09 01:01:37] Total órdenes en lycaios_pos.ordenes: 4754
[2025-12-09 01:01:37] Total órdenes en ayuntamiento.ordenes_backup: 4757
[2025-12-09 01:01:37] === SINCRONIZACIÓN COMPLETADA ===
[2025-12-09 01:01:37] Órdenes insertadas: 0
[2025-12-09 01:01:37] Órdenes omitidas (ya existían): 4754
[2025-12-09 01:01:37] Total procesadas: 4754
[2025-12-09 01:02:39] === INICIANDO SINCRONIZACIÓN ===
[2025-12-09 01:02:39] Conexiones establecidas
[2025-12-09 01:02:39] Total órdenes en lycaios_pos.ordenes: 4754
[2025-12-09 01:02:39] Total órdenes en ayuntamiento.ordenes_backup: 4757
[2025-12-09 01:02:39] === SINCRONIZACIÓN COMPLETADA ===
[2025-12-09 01:02:39] Órdenes insertadas: 0
[2025-12-09 01:02:39] Órdenes omitidas (ya existían): 4754
[2025-12-09 01:02:39] Total procesadas: 4754
[2025-12-09 01:03:41] === INICIANDO SINCRONIZACIÓN ===
[2025-12-09 01:03:41] Conexiones establecidas
[2025-12-09 01:03:41] Total órdenes en lycaios_pos.ordenes: 4754
[2025-12-09 01:03:41] Total órdenes en ayuntamiento.ordenes_backup: 4757
[2025-12-09 01:03:41] === SINCRONIZACIÓN COMPLETADA ===
[2025-12-09 01:03:41] Órdenes insertadas: 0
[2025-12-09 01:03:41] Órdenes omitidas (ya existían): 4754
[2025-12-09 01:03:41] Total procesadas: 4754
[2025-12-09 01:04:43] === INICIANDO SINCRONIZACIÓN ===
[2025-12-09 01:04:43] Conexiones establecidas
[2025-12-09 01:04:43] Total órdenes en lycaios_pos.ordenes: 4754
[2025-12-09 01:04:43] Total órdenes en ayuntamiento.ordenes_backup: 4757
[2025-12-09 01:04:43] === SINCRONIZACIÓN COMPLETADA ===
[2025-12-09 01:04:43] Órdenes insertadas: 0
[2025-12-09 01:04:43] Órdenes omitidas (ya existían): 4754
[2025-12-09 01:04:43] Total procesadas: 4754
[2025-12-09 01:05:45] === INICIANDO SINCRONIZACIÓN ===
[2025-12-09 01:05:45] Conexiones establecidas
[2025-12-09 01:05:45] Total órdenes en lycaios_pos.ordenes: 4754
[2025-12-09 01:05:45] Total órdenes en ayuntamiento.ordenes_backup: 4757
[2025-12-09 01:05:45] === SINCRONIZACIÓN COMPLETADA ===
[2025-12-09 01:05:45] Órdenes insertadas: 0
[2025-12-09 01:05:45] Órdenes omitidas (ya existían): 4754
[2025-12-09 01:05:45] Total procesadas: 4754
[2025-12-09 01:06:47] === INICIANDO SINCRONIZACIÓN ===
[2025-12-09 01:06:47] Conexiones establecidas
[2025-12-09 01:06:47] Total órdenes en lycaios_pos.ordenes: 4754
[2025-12-09 01:06:47] Total órdenes en ayuntamiento.ordenes_backup: 4757
[2025-12-09 01:06:47] === SINCRONIZACIÓN COMPLETADA ===
[2025-12-09 01:06:47] Órdenes insertadas: 0
[2025-12-09 01:06:47] Órdenes omitidas (ya existían): 4754
[2025-12-09 01:06:47] Total procesadas: 4754
[2025-12-09 01:07:49] === INICIANDO SINCRONIZACIÓN ===
[2025-12-09 01:07:49] Conexiones establecidas
[2025-12-09 01:07:49] Total órdenes en lycaios_pos.ordenes: 4754
[2025-12-09 01:07:49] Total órdenes en ayuntamiento.ordenes_backup: 4757
[2025-12-09 01:07:49] === SINCRONIZACIÓN COMPLETADA ===
[2025-12-09 01:07:49] Órdenes insertadas: 0
[2025-12-09 01:07:49] Órdenes omitidas (ya existían): 4754
[2025-12-09 01:07:49] Total procesadas: 4754
[2025-12-09 01:08:51] === INICIANDO SINCRONIZACIÓN ===
[2025-12-09 01:08:51] Conexiones establecidas
[2025-12-09 01:08:51] Total órdenes en lycaios_pos.ordenes: 4754
[2025-12-09 01:08:51] Total órdenes en ayuntamiento.ordenes_backup: 4757
[2025-12-09 01:08:51] === SINCRONIZACIÓN COMPLETADA ===
[2025-12-09 01:08:51] Órdenes insertadas: 0
[2025-12-09 01:08:51] Órdenes omitidas (ya existían): 4754
[2025-12-09 01:08:51] Total procesadas: 4754
[2025-12-09 01:09:53] === INICIANDO SINCRONIZACIÓN ===
[2025-12-09 01:09:53] Conexiones establecidas
[2025-12-09 01:09:53] Total órdenes en lycaios_pos.ordenes: 4754
[2025-12-09 01:09:53] Total órdenes en ayuntamiento.ordenes_backup: 4757
[2025-12-09 01:09:53] === SINCRONIZACIÓN COMPLETADA ===
[2025-12-09 01:09:53] Órdenes insertadas: 0
[2025-12-09 01:09:53] Órdenes omitidas (ya existían): 4754
[2025-12-09 01:09:53] Total procesadas: 4754
[2025-12-09 01:10:55] === INICIANDO SINCRONIZACIÓN ===
[2025-12-09 01:10:55] Conexiones establecidas
[2025-12-09 01:10:55] Total órdenes en lycaios_pos.ordenes: 4754
[2025-12-09 01:10:55] Total órdenes en ayuntamiento.ordenes_backup: 4757
[2025-12-09 01:10:55] === SINCRONIZACIÓN COMPLETADA ===
[2025-12-09 01:10:55] Órdenes insertadas: 0
[2025-12-09 01:10:55] Órdenes omitidas (ya existían): 4754
[2025-12-09 01:10:55] Total procesadas: 4754
[2025-12-09 01:11:57] === INICIANDO SINCRONIZACIÓN ===
[2025-12-09 01:11:57] Conexiones establecidas
[2025-12-09 01:11:57] Total órdenes en lycaios_pos.ordenes: 4754
[2025-12-09 01:11:57] Total órdenes en ayuntamiento.ordenes_backup: 4757
[2025-12-09 01:11:57] === SINCRONIZACIÓN COMPLETADA ===
[2025-12-09 01:11:57] Órdenes insertadas: 0
[2025-12-09 01:11:57] Órdenes omitidas (ya existían): 4754
[2025-12-09 01:11:57] Total procesadas: 4754
[2025-12-09 01:12:59] === INICIANDO SINCRONIZACIÓN ===
[2025-12-09 01:12:59] Conexiones establecidas
[2025-12-09 01:12:59] Total órdenes en lycaios_pos.ordenes: 4754
[2025-12-09 01:12:59] Total órdenes en ayuntamiento.ordenes_backup: 4757
[2025-12-09 01:12:59] === SINCRONIZACIÓN COMPLETADA ===
[2025-12-09 01:12:59] Órdenes insertadas: 0
[2025-12-09 01:12:59] Órdenes omitidas (ya existían): 4754
[2025-12-09 01:12:59] Total procesadas: 4754
[2025-12-09 01:14:01] === INICIANDO SINCRONIZACIÓN ===
[2025-12-09 01:14:01] Conexiones establecidas
[2025-12-09 01:14:01] Total órdenes en lycaios_pos.ordenes: 4754
[2025-12-09 01:14:01] Total órdenes en ayuntamiento.ordenes_backup: 4757
[2025-12-09 01:14:01] === SINCRONIZACIÓN COMPLETADA ===
[2025-12-09 01:14:01] Órdenes insertadas: 0
[2025-12-09 01:14:01] Órdenes omitidas (ya existían): 4754
[2025-12-09 01:14:01] Total procesadas: 4754
[2025-12-09 01:15:03] === INICIANDO SINCRONIZACIÓN ===
[2025-12-09 01:15:03] Conexiones establecidas
[2025-12-09 01:15:03] Total órdenes en lycaios_pos.ordenes: 4753
[2025-12-09 01:15:03] Total órdenes en ayuntamiento.ordenes_backup: 4757
[2025-12-09 01:15:03] === SINCRONIZACIÓN COMPLETADA ===
[2025-12-09 01:15:03] Órdenes insertadas: 0
[2025-12-09 01:15:03] Órdenes omitidas (ya existían): 4753
[2025-12-09 01:15:03] Total procesadas: 4753
[2025-12-09 01:16:05] === INICIANDO SINCRONIZACIÓN ===
[2025-12-09 01:16:05] Conexiones establecidas
[2025-12-09 01:16:05] Total órdenes en lycaios_pos.ordenes: 4753
[2025-12-09 01:16:05] Total órdenes en ayuntamiento.ordenes_backup: 4757
[2025-12-09 01:16:05] === SINCRONIZACIÓN COMPLETADA ===
[2025-12-09 01:16:05] Órdenes insertadas: 0
[2025-12-09 01:16:05] Órdenes omitidas (ya existían): 4753
[2025-12-09 01:16:05] Total procesadas: 4753
[2025-12-09 01:17:07] === INICIANDO SINCRONIZACIÓN ===
[2025-12-09 01:17:07] Conexiones establecidas
[2025-12-09 01:17:07] Total órdenes en lycaios_pos.ordenes: 4753
[2025-12-09 01:17:07] Total órdenes en ayuntamiento.ordenes_backup: 4757
[2025-12-09 01:17:07] === SINCRONIZACIÓN COMPLETADA ===
[2025-12-09 01:17:07] Órdenes insertadas: 0
[2025-12-09 01:17:07] Órdenes omitidas (ya existían): 4753
[2025-12-09 01:17:07] Total procesadas: 4753
[2025-12-09 01:18:09] === INICIANDO SINCRONIZACIÓN ===
[2025-12-09 01:18:09] Conexiones establecidas
[2025-12-09 01:18:09] Total órdenes en lycaios_pos.ordenes: 4755
[2025-12-09 01:18:09] Total órdenes en ayuntamiento.ordenes_backup: 4757
[2025-12-09 01:18:09] ✓ Insertada orden: 0006163
[2025-12-09 01:18:09] ✓ Insertada orden: 0006164
[2025-12-09 01:18:09] === SINCRONIZACIÓN COMPLETADA ===
[2025-12-09 01:18:09] Órdenes insertadas: 2
[2025-12-09 01:18:09] Órdenes omitidas (ya existían): 4753
[2025-12-09 01:18:09] Total procesadas: 4755
[2025-12-09 01:19:11] === INICIANDO SINCRONIZACIÓN ===
[2025-12-09 01:19:11] Conexiones establecidas
[2025-12-09 01:19:11] Total órdenes en lycaios_pos.ordenes: 4755
[2025-12-09 01:19:11] Total órdenes en ayuntamiento.ordenes_backup: 4759
[2025-12-09 01:19:11] === SINCRONIZACIÓN COMPLETADA ===
[2025-12-09 01:19:11] Órdenes insertadas: 0
[2025-12-09 01:19:11] Órdenes omitidas (ya existían): 4755
[2025-12-09 01:19:11] Total procesadas: 4755
[2025-12-09 01:20:13] === INICIANDO SINCRONIZACIÓN ===
[2025-12-09 01:20:13] Conexiones establecidas
[2025-12-09 01:20:13] Total órdenes en lycaios_pos.ordenes: 4755
[2025-12-09 01:20:13] Total órdenes en ayuntamiento.ordenes_backup: 4759
[2025-12-09 01:20:13] === SINCRONIZACIÓN COMPLETADA ===
[2025-12-09 01:20:13] Órdenes insertadas: 0
[2025-12-09 01:20:13] Órdenes omitidas (ya existían): 4755
[2025-12-09 01:20:13] Total procesadas: 4755
[2025-12-09 01:21:15] === INICIANDO SINCRONIZACIÓN ===
[2025-12-09 01:21:15] Conexiones establecidas
[2025-12-09 01:21:15] Total órdenes en lycaios_pos.ordenes: 4755
[2025-12-09 01:21:15] Total órdenes en ayuntamiento.ordenes_backup: 4759
[2025-12-09 01:21:15] === SINCRONIZACIÓN COMPLETADA ===
[2025-12-09 01:21:15] Órdenes insertadas: 0
[2025-12-09 01:21:15] Órdenes omitidas (ya existían): 4755
[2025-12-09 01:21:15] Total procesadas: 4755
[2025-12-09 01:22:17] === INICIANDO SINCRONIZACIÓN ===
[2025-12-09 01:22:17] Conexiones establecidas
[2025-12-09 01:22:17] Total órdenes en lycaios_pos.ordenes: 4755
[2025-12-09 01:22:17] Total órdenes en ayuntamiento.ordenes_backup: 4759
[2025-12-09 01:22:17] === SINCRONIZACIÓN COMPLETADA ===
[2025-12-09 01:22:17] Órdenes insertadas: 0
[2025-12-09 01:22:17] Órdenes omitidas (ya existían): 4755
[2025-12-09 01:22:17] Total procesadas: 4755
[2025-12-09 01:23:19] === INICIANDO SINCRONIZACIÓN ===
[2025-12-09 01:23:19] Conexiones establecidas
[2025-12-09 01:23:19] Total órdenes en lycaios_pos.ordenes: 4755
[2025-12-09 01:23:19] Total órdenes en ayuntamiento.ordenes_backup: 4759
[2025-12-09 01:23:19] === SINCRONIZACIÓN COMPLETADA ===
[2025-12-09 01:23:19] Órdenes insertadas: 0
[2025-12-09 01:23:19] Órdenes omitidas (ya existían): 4755
[2025-12-09 01:23:19] Total procesadas: 4755
[2025-12-09 01:24:21] === INICIANDO SINCRONIZACIÓN ===
[2025-12-09 01:24:21] Conexiones establecidas
[2025-12-09 01:24:21] Total órdenes en lycaios_pos.ordenes: 4755
[2025-12-09 01:24:21] Total órdenes en ayuntamiento.ordenes_backup: 4759
[2025-12-09 01:24:21] === SINCRONIZACIÓN COMPLETADA ===
[2025-12-09 01:24:21] Órdenes insertadas: 0
[2025-12-09 01:24:21] Órdenes omitidas (ya existían): 4755
[2025-12-09 01:24:21] Total procesadas: 4755
[2025-12-09 01:25:23] === INICIANDO SINCRONIZACIÓN ===
[2025-12-09 01:25:23] Conexiones establecidas
[2025-12-09 01:25:23] Total órdenes en lycaios_pos.ordenes: 4754
[2025-12-09 01:25:23] Total órdenes en ayuntamiento.ordenes_backup: 4758
[2025-12-09 01:25:23] === SINCRONIZACIÓN COMPLETADA ===
[2025-12-09 01:25:23] Órdenes insertadas: 0
[2025-12-09 01:25:23] Órdenes omitidas (ya existían): 4754
[2025-12-09 01:25:23] Total procesadas: 4754
[2025-12-09 01:26:25] === INICIANDO SINCRONIZACIÓN ===
[2025-12-09 01:26:25] Conexiones establecidas
[2025-12-09 01:26:25] Total órdenes en lycaios_pos.ordenes: 4754
[2025-12-09 01:26:25] Total órdenes en ayuntamiento.ordenes_backup: 4758
[2025-12-09 01:26:25] === SINCRONIZACIÓN COMPLETADA ===
[2025-12-09 01:26:25] Órdenes insertadas: 0
[2025-12-09 01:26:25] Órdenes omitidas (ya existían): 4754
[2025-12-09 01:26:25] Total procesadas: 4754
[2025-12-09 01:27:27] === INICIANDO SINCRONIZACIÓN ===
[2025-12-09 01:27:27] Conexiones establecidas
[2025-12-09 01:27:27] Total órdenes en lycaios_pos.ordenes: 4754
[2025-12-09 01:27:27] Total órdenes en ayuntamiento.ordenes_backup: 4758
[2025-12-09 01:27:27] === SINCRONIZACIÓN COMPLETADA ===
[2025-12-09 01:27:27] Órdenes insertadas: 0
[2025-12-09 01:27:27] Órdenes omitidas (ya existían): 4754
[2025-12-09 01:27:27] Total procesadas: 4754
[2025-12-09 01:28:29] === INICIANDO SINCRONIZACIÓN ===
[2025-12-09 01:28:29] Conexiones establecidas
[2025-12-09 01:28:29] Total órdenes en lycaios_pos.ordenes: 4754
[2025-12-09 01:28:29] Total órdenes en ayuntamiento.ordenes_backup: 4758
[2025-12-09 01:28:29] === SINCRONIZACIÓN COMPLETADA ===
[2025-12-09 01:28:29] Órdenes insertadas: 0
[2025-12-09 01:28:29] Órdenes omitidas (ya existían): 4754
[2025-12-09 01:28:29] Total procesadas: 4754
[2025-12-09 01:29:31] === INICIANDO SINCRONIZACIÓN ===
[2025-12-09 01:29:31] Conexiones establecidas
[2025-12-09 01:29:31] Total órdenes en lycaios_pos.ordenes: 4754
[2025-12-09 01:29:31] Total órdenes en ayuntamiento.ordenes_backup: 4758
[2025-12-09 01:29:31] === SINCRONIZACIÓN COMPLETADA ===
[2025-12-09 01:29:31] Órdenes insertadas: 0
[2025-12-09 01:29:31] Órdenes omitidas (ya existían): 4754
[2025-12-09 01:29:31] Total procesadas: 4754
[2025-12-09 01:30:33] === INICIANDO SINCRONIZACIÓN ===
[2025-12-09 01:30:33] Conexiones establecidas
[2025-12-09 01:30:33] Total órdenes en lycaios_pos.ordenes: 4754
[2025-12-09 01:30:33] Total órdenes en ayuntamiento.ordenes_backup: 4758
[2025-12-09 01:30:33] === SINCRONIZACIÓN COMPLETADA ===
[2025-12-09 01:30:33] Órdenes insertadas: 0
[2025-12-09 01:30:33] Órdenes omitidas (ya existían): 4754
[2025-12-09 01:30:33] Total procesadas: 4754
[2025-12-09 01:31:35] === INICIANDO SINCRONIZACIÓN ===
[2025-12-09 01:31:35] Conexiones establecidas
[2025-12-09 01:31:35] Total órdenes en lycaios_pos.ordenes: 4754
[2025-12-09 01:31:35] Total órdenes en ayuntamiento.ordenes_backup: 4758
[2025-12-09 01:31:35] === SINCRONIZACIÓN COMPLETADA ===
[2025-12-09 01:31:35] Órdenes insertadas: 0
[2025-12-09 01:31:35] Órdenes omitidas (ya existían): 4754
[2025-12-09 01:31:35] Total procesadas: 4754
[2025-12-09 01:32:37] === INICIANDO SINCRONIZACIÓN ===
[2025-12-09 01:32:37] Conexiones establecidas
[2025-12-09 01:32:37] Total órdenes en lycaios_pos.ordenes: 4754
[2025-12-09 01:32:37] Total órdenes en ayuntamiento.ordenes_backup: 4758
[2025-12-09 01:32:37] === SINCRONIZACIÓN COMPLETADA ===
[2025-12-09 01:32:37] Órdenes insertadas: 0
[2025-12-09 01:32:37] Órdenes omitidas (ya existían): 4754
[2025-12-09 01:32:37] Total procesadas: 4754
[2025-12-09 01:33:39] === INICIANDO SINCRONIZACIÓN ===
[2025-12-09 01:33:39] Conexiones establecidas
[2025-12-09 01:33:39] Total órdenes en lycaios_pos.ordenes: 4754
[2025-12-09 01:33:39] Total órdenes en ayuntamiento.ordenes_backup: 4758
[2025-12-09 01:33:39] === SINCRONIZACIÓN COMPLETADA ===
[2025-12-09 01:33:39] Órdenes insertadas: 0
[2025-12-09 01:33:39] Órdenes omitidas (ya existían): 4754
[2025-12-09 01:33:39] Total procesadas: 4754
[2025-12-09 01:34:41] === INICIANDO SINCRONIZACIÓN ===
[2025-12-09 01:34:41] Conexiones establecidas
[2025-12-09 01:34:41] Total órdenes en lycaios_pos.ordenes: 4754
[2025-12-09 01:34:41] Total órdenes en ayuntamiento.ordenes_backup: 4758
[2025-12-09 01:34:41] === SINCRONIZACIÓN COMPLETADA ===
[2025-12-09 01:34:41] Órdenes insertadas: 0
[2025-12-09 01:34:41] Órdenes omitidas (ya existían): 4754
[2025-12-09 01:34:41] Total procesadas: 4754
[2025-12-09 01:35:43] === INICIANDO SINCRONIZACIÓN ===
[2025-12-09 01:35:43] Conexiones establecidas
[2025-12-09 01:35:43] Total órdenes en lycaios_pos.ordenes: 4754
[2025-12-09 01:35:43] Total órdenes en ayuntamiento.ordenes_backup: 4758
[2025-12-09 01:35:43] === SINCRONIZACIÓN COMPLETADA ===
[2025-12-09 01:35:43] Órdenes insertadas: 0
[2025-12-09 01:35:43] Órdenes omitidas (ya existían): 4754
[2025-12-09 01:35:43] Total procesadas: 4754
[2025-12-09 01:36:45] === INICIANDO SINCRONIZACIÓN ===
[2025-12-09 01:36:45] Conexiones establecidas
[2025-12-09 01:36:45] Total órdenes en lycaios_pos.ordenes: 4754
[2025-12-09 01:36:45] Total órdenes en ayuntamiento.ordenes_backup: 4758
[2025-12-09 01:36:45] === SINCRONIZACIÓN COMPLETADA ===
[2025-12-09 01:36:45] Órdenes insertadas: 0
[2025-12-09 01:36:45] Órdenes omitidas (ya existían): 4754
[2025-12-09 01:36:45] Total procesadas: 4754
[2025-12-09 01:37:47] === INICIANDO SINCRONIZACIÓN ===
[2025-12-09 01:37:47] Conexiones establecidas
[2025-12-09 01:37:47] Total órdenes en lycaios_pos.ordenes: 4754
[2025-12-09 01:37:47] Total órdenes en ayuntamiento.ordenes_backup: 4758
[2025-12-09 01:37:47] === SINCRONIZACIÓN COMPLETADA ===
[2025-12-09 01:37:47] Órdenes insertadas: 0
[2025-12-09 01:37:47] Órdenes omitidas (ya existían): 4754
[2025-12-09 01:37:47] Total procesadas: 4754
[2025-12-09 01:38:49] === INICIANDO SINCRONIZACIÓN ===
[2025-12-09 01:38:49] Conexiones establecidas
[2025-12-09 01:38:49] Total órdenes en lycaios_pos.ordenes: 4754
[2025-12-09 01:38:49] Total órdenes en ayuntamiento.ordenes_backup: 4758
[2025-12-09 01:38:49] === SINCRONIZACIÓN COMPLETADA ===
[2025-12-09 01:38:49] Órdenes insertadas: 0
[2025-12-09 01:38:49] Órdenes omitidas (ya existían): 4754
[2025-12-09 01:38:49] Total procesadas: 4754
[2025-12-09 01:39:51] === INICIANDO SINCRONIZACIÓN ===
[2025-12-09 01:39:51] Conexiones establecidas
[2025-12-09 01:39:51] Total órdenes en lycaios_pos.ordenes: 4754
[2025-12-09 01:39:51] Total órdenes en ayuntamiento.ordenes_backup: 4758
[2025-12-09 01:39:51] === SINCRONIZACIÓN COMPLETADA ===
[2025-12-09 01:39:51] Órdenes insertadas: 0
[2025-12-09 01:39:51] Órdenes omitidas (ya existían): 4754
[2025-12-09 01:39:51] Total procesadas: 4754
[2025-12-09 01:40:53] === INICIANDO SINCRONIZACIÓN ===
[2025-12-09 01:40:53] Conexiones establecidas
[2025-12-09 01:40:53] Total órdenes en lycaios_pos.ordenes: 4754
[2025-12-09 01:40:53] Total órdenes en ayuntamiento.ordenes_backup: 4758
[2025-12-09 01:40:53] === SINCRONIZACIÓN COMPLETADA ===
[2025-12-09 01:40:53] Órdenes insertadas: 0
[2025-12-09 01:40:53] Órdenes omitidas (ya existían): 4754
[2025-12-09 01:40:53] Total procesadas: 4754
[2025-12-09 01:41:55] === INICIANDO SINCRONIZACIÓN ===
[2025-12-09 01:41:55] Conexiones establecidas
[2025-12-09 01:41:55] Total órdenes en lycaios_pos.ordenes: 4754
[2025-12-09 01:41:55] Total órdenes en ayuntamiento.ordenes_backup: 4758
[2025-12-09 01:41:55] === SINCRONIZACIÓN COMPLETADA ===
[2025-12-09 01:41:55] Órdenes insertadas: 0
[2025-12-09 01:41:55] Órdenes omitidas (ya existían): 4754
[2025-12-09 01:41:55] Total procesadas: 4754
[2025-12-09 01:42:57] === INICIANDO SINCRONIZACIÓN ===
[2025-12-09 01:42:57] Conexiones establecidas
[2025-12-09 01:42:57] Total órdenes en lycaios_pos.ordenes: 4754
[2025-12-09 01:42:57] Total órdenes en ayuntamiento.ordenes_backup: 4758
[2025-12-09 01:42:57] === SINCRONIZACIÓN COMPLETADA ===
[2025-12-09 01:42:57] Órdenes insertadas: 0
[2025-12-09 01:42:57] Órdenes omitidas (ya existían): 4754
[2025-12-09 01:42:57] Total procesadas: 4754
[2025-12-09 01:43:59] === INICIANDO SINCRONIZACIÓN ===
[2025-12-09 01:43:59] Conexiones establecidas
[2025-12-09 01:43:59] Total órdenes en lycaios_pos.ordenes: 4754
[2025-12-09 01:43:59] Total órdenes en ayuntamiento.ordenes_backup: 4758
[2025-12-09 01:43:59] === SINCRONIZACIÓN COMPLETADA ===
[2025-12-09 01:43:59] Órdenes insertadas: 0
[2025-12-09 01:43:59] Órdenes omitidas (ya existían): 4754
[2025-12-09 01:43:59] Total procesadas: 4754
[2025-12-09 01:45:01] === INICIANDO SINCRONIZACIÓN ===
[2025-12-09 01:45:01] Conexiones establecidas
[2025-12-09 01:45:01] Total órdenes en lycaios_pos.ordenes: 4754
[2025-12-09 01:45:01] Total órdenes en ayuntamiento.ordenes_backup: 4758
[2025-12-09 01:45:01] === SINCRONIZACIÓN COMPLETADA ===
[2025-12-09 01:45:01] Órdenes insertadas: 0
[2025-12-09 01:45:01] Órdenes omitidas (ya existían): 4754
[2025-12-09 01:45:01] Total procesadas: 4754
[2025-12-09 01:46:03] === INICIANDO SINCRONIZACIÓN ===
[2025-12-09 01:46:03] Conexiones establecidas
[2025-12-09 01:46:03] Total órdenes en lycaios_pos.ordenes: 4754
[2025-12-09 01:46:03] Total órdenes en ayuntamiento.ordenes_backup: 4758
[2025-12-09 01:46:03] === SINCRONIZACIÓN COMPLETADA ===
[2025-12-09 01:46:03] Órdenes insertadas: 0
[2025-12-09 01:46:03] Órdenes omitidas (ya existían): 4754
[2025-12-09 01:46:03] Total procesadas: 4754
[2025-12-09 01:47:05] === INICIANDO SINCRONIZACIÓN ===
[2025-12-09 01:47:05] Conexiones establecidas
[2025-12-09 01:47:05] Total órdenes en lycaios_pos.ordenes: 4754
[2025-12-09 01:47:05] Total órdenes en ayuntamiento.ordenes_backup: 4758
[2025-12-09 01:47:05] === SINCRONIZACIÓN COMPLETADA ===
[2025-12-09 01:47:05] Órdenes insertadas: 0
[2025-12-09 01:47:05] Órdenes omitidas (ya existían): 4754
[2025-12-09 01:47:05] Total procesadas: 4754
[2025-12-09 01:48:07] === INICIANDO SINCRONIZACIÓN ===
[2025-12-09 01:48:07] Conexiones establecidas
[2025-12-09 01:48:07] Total órdenes en lycaios_pos.ordenes: 4754
[2025-12-09 01:48:07] Total órdenes en ayuntamiento.ordenes_backup: 4758
[2025-12-09 01:48:07] === SINCRONIZACIÓN COMPLETADA ===
[2025-12-09 01:48:07] Órdenes insertadas: 0
[2025-12-09 01:48:07] Órdenes omitidas (ya existían): 4754
[2025-12-09 01:48:07] Total procesadas: 4754
[2025-12-09 01:49:09] === INICIANDO SINCRONIZACIÓN ===
[2025-12-09 01:49:09] Conexiones establecidas
[2025-12-09 01:49:09] Total órdenes en lycaios_pos.ordenes: 4754
[2025-12-09 01:49:09] Total órdenes en ayuntamiento.ordenes_backup: 4758
[2025-12-09 01:49:09] === SINCRONIZACIÓN COMPLETADA ===
[2025-12-09 01:49:09] Órdenes insertadas: 0
[2025-12-09 01:49:09] Órdenes omitidas (ya existían): 4754
[2025-12-09 01:49:09] Total procesadas: 4754
[2025-12-09 01:50:11] === INICIANDO SINCRONIZACIÓN ===
[2025-12-09 01:50:11] Conexiones establecidas
[2025-12-09 01:50:11] Total órdenes en lycaios_pos.ordenes: 4754
[2025-12-09 01:50:11] Total órdenes en ayuntamiento.ordenes_backup: 4758
[2025-12-09 01:50:11] === SINCRONIZACIÓN COMPLETADA ===
[2025-12-09 01:50:11] Órdenes insertadas: 0
[2025-12-09 01:50:11] Órdenes omitidas (ya existían): 4754
[2025-12-09 01:50:11] Total procesadas: 4754
[2025-12-09 01:51:13] === INICIANDO SINCRONIZACIÓN ===
[2025-12-09 01:51:13] Conexiones establecidas
[2025-12-09 01:51:13] Total órdenes en lycaios_pos.ordenes: 4754
[2025-12-09 01:51:13] Total órdenes en ayuntamiento.ordenes_backup: 4758
[2025-12-09 01:51:13] === SINCRONIZACIÓN COMPLETADA ===
[2025-12-09 01:51:13] Órdenes insertadas: 0
[2025-12-09 01:51:13] Órdenes omitidas (ya existían): 4754
[2025-12-09 01:51:13] Total procesadas: 4754
[2025-12-09 01:52:15] === INICIANDO SINCRONIZACIÓN ===
[2025-12-09 01:52:15] Conexiones establecidas
[2025-12-09 01:52:15] Total órdenes en lycaios_pos.ordenes: 4754
[2025-12-09 01:52:15] Total órdenes en ayuntamiento.ordenes_backup: 4758
[2025-12-09 01:52:15] === SINCRONIZACIÓN COMPLETADA ===
[2025-12-09 01:52:15] Órdenes insertadas: 0
[2025-12-09 01:52:15] Órdenes omitidas (ya existían): 4754
[2025-12-09 01:52:15] Total procesadas: 4754
[2025-12-09 01:53:17] === INICIANDO SINCRONIZACIÓN ===
[2025-12-09 01:53:17] Conexiones establecidas
[2025-12-09 01:53:17] Total órdenes en lycaios_pos.ordenes: 4754
[2025-12-09 01:53:17] Total órdenes en ayuntamiento.ordenes_backup: 4758
[2025-12-09 01:53:17] === SINCRONIZACIÓN COMPLETADA ===
[2025-12-09 01:53:17] Órdenes insertadas: 0
[2025-12-09 01:53:17] Órdenes omitidas (ya existían): 4754
[2025-12-09 01:53:17] Total procesadas: 4754
[2025-12-09 01:54:19] === INICIANDO SINCRONIZACIÓN ===
[2025-12-09 01:54:19] Conexiones establecidas
[2025-12-09 01:54:19] Total órdenes en lycaios_pos.ordenes: 4754
[2025-12-09 01:54:19] Total órdenes en ayuntamiento.ordenes_backup: 4758
[2025-12-09 01:54:19] === SINCRONIZACIÓN COMPLETADA ===
[2025-12-09 01:54:19] Órdenes insertadas: 0
[2025-12-09 01:54:19] Órdenes omitidas (ya existían): 4754
[2025-12-09 01:54:19] Total procesadas: 4754
[2025-12-09 01:55:21] === INICIANDO SINCRONIZACIÓN ===
[2025-12-09 01:55:21] Conexiones establecidas
[2025-12-09 01:55:21] Total órdenes en lycaios_pos.ordenes: 4754
[2025-12-09 01:55:21] Total órdenes en ayuntamiento.ordenes_backup: 4758
[2025-12-09 01:55:21] === SINCRONIZACIÓN COMPLETADA ===
[2025-12-09 01:55:21] Órdenes insertadas: 0
[2025-12-09 01:55:21] Órdenes omitidas (ya existían): 4754
[2025-12-09 01:55:21] Total procesadas: 4754
[2025-12-09 01:56:23] === INICIANDO SINCRONIZACIÓN ===
[2025-12-09 01:56:23] Conexiones establecidas
[2025-12-09 01:56:23] Total órdenes en lycaios_pos.ordenes: 4754
[2025-12-09 01:56:23] Total órdenes en ayuntamiento.ordenes_backup: 4758
[2025-12-09 01:56:23] === SINCRONIZACIÓN COMPLETADA ===
[2025-12-09 01:56:23] Órdenes insertadas: 0
[2025-12-09 01:56:23] Órdenes omitidas (ya existían): 4754
[2025-12-09 01:56:23] Total procesadas: 4754
[2025-12-09 01:57:25] === INICIANDO SINCRONIZACIÓN ===
[2025-12-09 01:57:25] Conexiones establecidas
[2025-12-09 01:57:25] Total órdenes en lycaios_pos.ordenes: 4754
[2025-12-09 01:57:25] Total órdenes en ayuntamiento.ordenes_backup: 4758
[2025-12-09 01:57:25] === SINCRONIZACIÓN COMPLETADA ===
[2025-12-09 01:57:25] Órdenes insertadas: 0
[2025-12-09 01:57:25] Órdenes omitidas (ya existían): 4754
[2025-12-09 01:57:25] Total procesadas: 4754
[2025-12-09 01:58:28] === INICIANDO SINCRONIZACIÓN ===
[2025-12-09 01:58:28] Conexiones establecidas
[2025-12-09 01:58:28] Total órdenes en lycaios_pos.ordenes: 4754
[2025-12-09 01:58:28] Total órdenes en ayuntamiento.ordenes_backup: 4758
[2025-12-09 01:58:28] === SINCRONIZACIÓN COMPLETADA ===
[2025-12-09 01:58:28] Órdenes insertadas: 0
[2025-12-09 01:58:28] Órdenes omitidas (ya existían): 4754
[2025-12-09 01:58:28] Total procesadas: 4754
[2025-12-09 01:59:30] === INICIANDO SINCRONIZACIÓN ===
[2025-12-09 01:59:30] Conexiones establecidas
[2025-12-09 01:59:30] Total órdenes en lycaios_pos.ordenes: 4754
[2025-12-09 01:59:30] Total órdenes en ayuntamiento.ordenes_backup: 4758
[2025-12-09 01:59:30] === SINCRONIZACIÓN COMPLETADA ===
[2025-12-09 01:59:30] Órdenes insertadas: 0
[2025-12-09 01:59:30] Órdenes omitidas (ya existían): 4754
[2025-12-09 01:59:30] Total procesadas: 4754
[2025-12-09 02:00:32] === INICIANDO SINCRONIZACIÓN ===
[2025-12-09 02:00:32] Conexiones establecidas
[2025-12-09 02:00:32] Total órdenes en lycaios_pos.ordenes: 4754
[2025-12-09 02:00:32] Total órdenes en ayuntamiento.ordenes_backup: 4758
[2025-12-09 02:00:32] === SINCRONIZACIÓN COMPLETADA ===
[2025-12-09 02:00:32] Órdenes insertadas: 0
[2025-12-09 02:00:32] Órdenes omitidas (ya existían): 4754
[2025-12-09 02:00:32] Total procesadas: 4754
[2025-12-09 02:01:34] === INICIANDO SINCRONIZACIÓN ===
[2025-12-09 02:01:34] Conexiones establecidas
[2025-12-09 02:01:34] Total órdenes en lycaios_pos.ordenes: 4754
[2025-12-09 02:01:34] Total órdenes en ayuntamiento.ordenes_backup: 4758
[2025-12-09 02:01:34] === SINCRONIZACIÓN COMPLETADA ===
[2025-12-09 02:01:34] Órdenes insertadas: 0
[2025-12-09 02:01:34] Órdenes omitidas (ya existían): 4754
[2025-12-09 02:01:34] Total procesadas: 4754
[2025-12-09 02:02:36] === INICIANDO SINCRONIZACIÓN ===
[2025-12-09 02:02:36] Conexiones establecidas
[2025-12-09 02:02:36] Total órdenes en lycaios_pos.ordenes: 4754
[2025-12-09 02:02:36] Total órdenes en ayuntamiento.ordenes_backup: 4758
[2025-12-09 02:02:36] === SINCRONIZACIÓN COMPLETADA ===
[2025-12-09 02:02:36] Órdenes insertadas: 0
[2025-12-09 02:02:36] Órdenes omitidas (ya existían): 4754
[2025-12-09 02:02:36] Total procesadas: 4754
[2025-12-09 02:03:38] === INICIANDO SINCRONIZACIÓN ===
[2025-12-09 02:03:38] Conexiones establecidas
[2025-12-09 02:03:38] Total órdenes en lycaios_pos.ordenes: 4754
[2025-12-09 02:03:38] Total órdenes en ayuntamiento.ordenes_backup: 4758
[2025-12-09 02:03:38] === SINCRONIZACIÓN COMPLETADA ===
[2025-12-09 02:03:38] Órdenes insertadas: 0
[2025-12-09 02:03:38] Órdenes omitidas (ya existían): 4754
[2025-12-09 02:03:38] Total procesadas: 4754
[2025-12-09 02:04:40] === INICIANDO SINCRONIZACIÓN ===
[2025-12-09 02:04:40] Conexiones establecidas
[2025-12-09 02:04:40] Total órdenes en lycaios_pos.ordenes: 4754
[2025-12-09 02:04:40] Total órdenes en ayuntamiento.ordenes_backup: 4758
[2025-12-09 02:04:40] === SINCRONIZACIÓN COMPLETADA ===
[2025-12-09 02:04:40] Órdenes insertadas: 0
[2025-12-09 02:04:40] Órdenes omitidas (ya existían): 4754
[2025-12-09 02:04:40] Total procesadas: 4754
[2025-12-09 02:05:42] === INICIANDO SINCRONIZACIÓN ===
[2025-12-09 02:05:42] Conexiones establecidas
[2025-12-09 02:05:42] Total órdenes en lycaios_pos.ordenes: 4754
[2025-12-09 02:05:42] Total órdenes en ayuntamiento.ordenes_backup: 4758
[2025-12-09 02:05:42] === SINCRONIZACIÓN COMPLETADA ===
[2025-12-09 02:05:42] Órdenes insertadas: 0
[2025-12-09 02:05:42] Órdenes omitidas (ya existían): 4754
[2025-12-09 02:05:42] Total procesadas: 4754
[2025-12-09 02:06:44] === INICIANDO SINCRONIZACIÓN ===
[2025-12-09 02:06:44] Conexiones establecidas
[2025-12-09 02:06:44] Total órdenes en lycaios_pos.ordenes: 4754
[2025-12-09 02:06:44] Total órdenes en ayuntamiento.ordenes_backup: 4758
[2025-12-09 02:06:44] === SINCRONIZACIÓN COMPLETADA ===
[2025-12-09 02:06:44] Órdenes insertadas: 0
[2025-12-09 02:06:44] Órdenes omitidas (ya existían): 4754
[2025-12-09 02:06:44] Total procesadas: 4754
[2025-12-09 02:07:46] === INICIANDO SINCRONIZACIÓN ===
[2025-12-09 02:07:46] Conexiones establecidas
[2025-12-09 02:07:46] Total órdenes en lycaios_pos.ordenes: 4754
[2025-12-09 02:07:46] Total órdenes en ayuntamiento.ordenes_backup: 4758
[2025-12-09 02:07:46] === SINCRONIZACIÓN COMPLETADA ===
[2025-12-09 02:07:46] Órdenes insertadas: 0
[2025-12-09 02:07:46] Órdenes omitidas (ya existían): 4754
[2025-12-09 02:07:46] Total procesadas: 4754
[2025-12-09 02:08:48] === INICIANDO SINCRONIZACIÓN ===
[2025-12-09 02:08:48] Conexiones establecidas
[2025-12-09 02:08:48] Total órdenes en lycaios_pos.ordenes: 4754
[2025-12-09 02:08:48] Total órdenes en ayuntamiento.ordenes_backup: 4758
[2025-12-09 02:08:48] === SINCRONIZACIÓN COMPLETADA ===
[2025-12-09 02:08:48] Órdenes insertadas: 0
[2025-12-09 02:08:48] Órdenes omitidas (ya existían): 4754
[2025-12-09 02:08:48] Total procesadas: 4754
[2025-12-09 02:09:50] === INICIANDO SINCRONIZACIÓN ===
[2025-12-09 02:09:50] Conexiones establecidas
[2025-12-09 02:09:50] Total órdenes en lycaios_pos.ordenes: 4754
[2025-12-09 02:09:50] Total órdenes en ayuntamiento.ordenes_backup: 4758
[2025-12-09 02:09:50] === SINCRONIZACIÓN COMPLETADA ===
[2025-12-09 02:09:50] Órdenes insertadas: 0
[2025-12-09 02:09:50] Órdenes omitidas (ya existían): 4754
[2025-12-09 02:09:50] Total procesadas: 4754
[2025-12-09 02:10:52] === INICIANDO SINCRONIZACIÓN ===
[2025-12-09 02:10:52] Conexiones establecidas
[2025-12-09 02:10:52] Total órdenes en lycaios_pos.ordenes: 4754
[2025-12-09 02:10:52] Total órdenes en ayuntamiento.ordenes_backup: 4758
[2025-12-09 02:10:52] === SINCRONIZACIÓN COMPLETADA ===
[2025-12-09 02:10:52] Órdenes insertadas: 0
[2025-12-09 02:10:52] Órdenes omitidas (ya existían): 4754
[2025-12-09 02:10:52] Total procesadas: 4754
[2025-12-09 02:11:54] === INICIANDO SINCRONIZACIÓN ===
[2025-12-09 02:11:54] Conexiones establecidas
[2025-12-09 02:11:54] Total órdenes en lycaios_pos.ordenes: 4754
[2025-12-09 02:11:54] Total órdenes en ayuntamiento.ordenes_backup: 4758
[2025-12-09 02:11:54] === SINCRONIZACIÓN COMPLETADA ===
[2025-12-09 02:11:54] Órdenes insertadas: 0
[2025-12-09 02:11:54] Órdenes omitidas (ya existían): 4754
[2025-12-09 02:11:54] Total procesadas: 4754
[2025-12-09 02:12:56] === INICIANDO SINCRONIZACIÓN ===
[2025-12-09 02:12:56] Conexiones establecidas
[2025-12-09 02:12:56] Total órdenes en lycaios_pos.ordenes: 4754
[2025-12-09 02:12:56] Total órdenes en ayuntamiento.ordenes_backup: 4758
[2025-12-09 02:12:56] === SINCRONIZACIÓN COMPLETADA ===
[2025-12-09 02:12:56] Órdenes insertadas: 0
[2025-12-09 02:12:56] Órdenes omitidas (ya existían): 4754
[2025-12-09 02:12:56] Total procesadas: 4754
[2025-12-09 02:13:58] === INICIANDO SINCRONIZACIÓN ===
[2025-12-09 02:13:58] Conexiones establecidas
[2025-12-09 02:13:58] Total órdenes en lycaios_pos.ordenes: 4754
[2025-12-09 02:13:58] Total órdenes en ayuntamiento.ordenes_backup: 4758
[2025-12-09 02:13:58] === SINCRONIZACIÓN COMPLETADA ===
[2025-12-09 02:13:58] Órdenes insertadas: 0
[2025-12-09 02:13:58] Órdenes omitidas (ya existían): 4754
[2025-12-09 02:13:58] Total procesadas: 4754
[2025-12-09 02:15:00] === INICIANDO SINCRONIZACIÓN ===
[2025-12-09 02:15:00] Conexiones establecidas
[2025-12-09 02:15:00] Total órdenes en lycaios_pos.ordenes: 4754
[2025-12-09 02:15:00] Total órdenes en ayuntamiento.ordenes_backup: 4758
[2025-12-09 02:15:00] === SINCRONIZACIÓN COMPLETADA ===
[2025-12-09 02:15:00] Órdenes insertadas: 0
[2025-12-09 02:15:00] Órdenes omitidas (ya existían): 4754
[2025-12-09 02:15:00] Total procesadas: 4754
[2025-12-09 02:16:02] === INICIANDO SINCRONIZACIÓN ===
[2025-12-09 02:16:02] Conexiones establecidas
[2025-12-09 02:16:02] Total órdenes en lycaios_pos.ordenes: 4754
[2025-12-09 02:16:02] Total órdenes en ayuntamiento.ordenes_backup: 4758
[2025-12-09 02:16:02] === SINCRONIZACIÓN COMPLETADA ===
[2025-12-09 02:16:02] Órdenes insertadas: 0
[2025-12-09 02:16:02] Órdenes omitidas (ya existían): 4754
[2025-12-09 02:16:02] Total procesadas: 4754
[2025-12-09 02:17:04] === INICIANDO SINCRONIZACIÓN ===
[2025-12-09 02:17:04] Conexiones establecidas
[2025-12-09 02:17:04] Total órdenes en lycaios_pos.ordenes: 4754
[2025-12-09 02:17:04] Total órdenes en ayuntamiento.ordenes_backup: 4758
[2025-12-09 02:17:04] === SINCRONIZACIÓN COMPLETADA ===
[2025-12-09 02:17:04] Órdenes insertadas: 0
[2025-12-09 02:17:04] Órdenes omitidas (ya existían): 4754
[2025-12-09 02:17:04] Total procesadas: 4754
